Date,Day,Season,Daily_Sales,Price,Holiday_Flag,Fb_imp,Google_Clicks
2019-01-01 ,Tuesday,Winter,4818,49.4,0,8065,749
2019-01-02 ,Wednesday,Winter,1637,80.42,0,7664,715
2019-01-03 ,Thursday,Winter,2143,56.86,0,171,712
2019-01-04 ,Friday,Winter,3798,50.26,0,8867,553
2019-01-05 ,Saturday,Winter,4134,52.44,0,533,482
2019-01-06 ,Sunday,Winter,2603,92.6,0,6507,802
2019-01-07 ,Monday,Winter,3172,130.18,0,3026,898
2019-01-08 ,Tuesday,Winter,2783,73.86,0,8624,353
2019-01-09 ,Wednesday,Winter,3926,87.58,0,9127,318
2019-01-10 ,Thursday,Winter,3047,189.72,0,3753,628
2019-01-11 ,Friday,Winter,2352,177.04,0,6817,970
2019-01-12 ,Saturday,Winter,4561,103.23,0,9111,170
2019-01-13 ,Sunday,Winter,740,119.89,0,3391,383
2019-01-14 ,Monday,Winter,3087,103.27,0,5750,405
2019-01-15 ,Tuesday,Winter,1359,55.06,0,4923,680
2019-01-16 ,Wednesday,Winter,646,131.37,0,991,583
2019-01-17 ,Thursday,Winter,4035,68.61,0,2159,234
2019-01-18 ,Friday,Winter,1318,135.04,0,7092,872
2019-01-19 ,Saturday,Winter,3817,185.89,0,4251,202
2019-01-20 ,Sunday,Winter,2756,195.09,0,9355,276
2019-01-21 ,Monday,Winter,4510,162.7,0,6114,73
2019-01-22 ,Tuesday,Winter,3896,63.72,0,211,683
2019-01-23 ,Wednesday,Winter,1617,148.59,0,3067,468
2019-01-24 ,Thursday,Winter,1701,107.34,1,2015,416
2019-01-25 ,Friday,Winter,4216,129.05,0,4901,304
2019-01-26 ,Saturday,Winter,3351,145.38,0,1348,578
2019-01-27 ,Sunday,Winter,987,121.05,0,2334,480
2019-01-28 ,Monday,Winter,3377,89.14,0,7505,851
2019-01-29 ,Tuesday,Winter,4341,20.9,0,7042,229
2019-01-30 ,Wednesday,Winter,4892,69.37,0,7694,439
2019-01-31 ,Thursday,Winter,2368,57.8,0,4487,950
2019-02-01 ,Friday,Winter,1656,168.87,0,4311,648
2019-02-02 ,Saturday,Winter,2924,40.87,0,5506,960
2019-02-03 ,Sunday,Winter,3058,174.02,0,6622,153
2019-02-04 ,Monday,Winter,4355,30.7,0,5183,995
2019-02-05 ,Tuesday,Winter,3876,152.36,0,6994,692
2019-02-06 ,Wednesday,Winter,2744,42.94,0,3147,87
2019-02-07 ,Thursday,Winter,4182,129.68,0,5837,573
2019-02-08 ,Friday,Winter,2956,122.59,0,1465,612
2019-02-09 ,Saturday,Winter,2634,61.85,1,1409,497
2019-02-10 ,Sunday,Winter,726,129.48,0,146,75
2019-02-11 ,Monday,Winter,523,58.34,0,5084,181
2019-02-12 ,Tuesday,Winter,1229,173.11,0,5357,504
2019-02-13 ,Wednesday,Winter,3373,135.13,0,4669,784
2019-02-14 ,Thursday,Winter,2486,122.22,0,6455,221
2019-02-15 ,Friday,Winter,3986,69.52,0,5655,223
2019-02-16 ,Saturday,Winter,3117,122.98,0,2267,147
2019-02-17 ,Sunday,Winter,4640,49.6,0,467,453
2019-02-18 ,Monday,Winter,3970,49.23,1,827,682
2019-02-19 ,Tuesday,Winter,1871,44,0,6042,154
2019-02-20 ,Wednesday,Winter,2205,142.26,0,1176,613
2019-02-21 ,Thursday,Winter,2585,160.4,0,6244,223
2019-02-22 ,Friday,Winter,4576,145.78,0,6852,856
2019-02-23 ,Saturday,Winter,4902,159.5,0,3559,808
2019-02-24 ,Sunday,Winter,1826,159.43,1,2330,528
2019-02-25 ,Monday,Winter,4766,47.81,0,725,683
2019-02-26 ,Tuesday,Winter,1862,54.6,0,2965,841
2019-02-27 ,Wednesday,Winter,4794,183.15,0,3724,53
2019-02-28 ,Thursday,Winter,2509,141.63,0,8812,310
2019-03-01 ,Friday,Spring,1579,113.52,0,2547,785
2019-03-02 ,Saturday,Spring,3841,155.72,0,8386,750
2019-03-03 ,Sunday,Spring,4306,113.76,0,541,637
2019-03-04 ,Monday,Spring,1089,50.62,1,9705,921
2019-03-05 ,Tuesday,Spring,2741,64.36,0,9420,71
2019-03-06 ,Wednesday,Spring,1826,69.91,0,8734,729
2019-03-07 ,Thursday,Spring,916,108.24,0,9679,226
2019-03-08 ,Friday,Spring,3871,68.17,0,4272,895
2019-03-09 ,Saturday,Spring,1590,169.6,0,3211,742
2019-03-10 ,Sunday,Spring,4038,46.98,0,4256,34
2019-03-11 ,Monday,Spring,4272,82.59,0,1173,953
2019-03-12 ,Tuesday,Spring,1606,25.67,0,1983,267
2019-03-13 ,Wednesday,Spring,2534,20.46,0,9072,314
2019-03-14 ,Thursday,Spring,962,166.03,0,8274,412
2019-03-15 ,Friday,Spring,4913,81.94,0,8916,536
2019-03-16 ,Saturday,Spring,2055,147.4,0,6160,589
2019-03-17 ,Sunday,Spring,1380,178.54,0,8518,917
2019-03-18 ,Monday,Spring,4999,172.64,0,4227,552
2019-03-19 ,Tuesday,Spring,3127,172.54,0,3550,950
2019-03-20 ,Wednesday,Spring,4261,109.29,0,1670,723
2019-03-21 ,Thursday,Spring,592,60.21,0,6743,617
2019-03-22 ,Friday,Spring,3482,171.45,0,5155,222
2019-03-23 ,Saturday,Spring,2272,40.49,0,4383,42
2019-03-24 ,Sunday,Spring,2527,84.89,1,3886,602
2019-03-25 ,Monday,Spring,1210,36.45,0,2634,552
2019-03-26 ,Tuesday,Spring,2719,40.35,0,9575,84
2019-03-27 ,Wednesday,Spring,3871,145.75,0,9468,451
2019-03-28 ,Thursday,Spring,1443,116.05,0,6770,60
2019-03-29 ,Friday,Spring,2310,88.37,0,4235,772
2019-03-30 ,Saturday,Spring,1541,47.63,0,1824,587
2019-03-31 ,Sunday,Spring,1458,90.75,0,7186,643
2019-04-01 ,Monday,Spring,3145,140.28,0,5077,140
2019-04-02 ,Tuesday,Spring,3848,35.63,0,9067,924
2019-04-03 ,Wednesday,Spring,4603,116.63,0,2332,465
2019-04-04 ,Thursday,Spring,2998,91.77,0,6808,478
2019-04-05 ,Friday,Spring,2367,157.01,0,1429,289
2019-04-06 ,Saturday,Spring,3849,124.24,0,8924,639
2019-04-07 ,Sunday,Spring,4189,42.11,0,4630,186
2019-04-08 ,Monday,Spring,4872,108.08,0,3805,977
2019-04-09 ,Tuesday,Spring,3231,124.02,0,527,499
2019-04-10 ,Wednesday,Spring,1859,197.92,0,926,673
2019-04-11 ,Thursday,Spring,2191,35.72,0,6030,728
2019-04-12 ,Friday,Spring,4354,121.17,0,2761,866
2019-04-13 ,Saturday,Spring,2394,57.75,0,3021,468
2019-04-14 ,Sunday,Spring,624,157.93,0,189,760
2019-04-15 ,Monday,Spring,1388,56.04,0,784,349
2019-04-16 ,Tuesday,Spring,1136,77.56,0,1275,654
2019-04-17 ,Wednesday,Spring,1920,151.87,0,4380,405
2019-04-18 ,Thursday,Spring,3023,50.15,0,4793,653
2019-04-19 ,Friday,Spring,4369,80.58,0,8210,582
2019-04-20 ,Saturday,Spring,3809,129.02,0,4299,653
2019-04-21 ,Sunday,Spring,1090,58.03,0,1374,502
2019-04-22 ,Monday,Spring,506,115.96,0,7187,495
2019-04-23 ,Tuesday,Spring,3995,145.55,0,1688,921
2019-04-24 ,Wednesday,Spring,3820,99.52,1,2214,41
2019-04-25 ,Thursday,Spring,1232,40.94,0,3836,942
2019-04-26 ,Friday,Spring,3335,29.36,0,4504,146
2019-04-27 ,Saturday,Spring,3204,151.2,1,6989,265
2019-04-28 ,Sunday,Spring,4477,109.45,0,6711,825
2019-04-29 ,Monday,Spring,3344,92.75,0,2102,738
2019-04-30 ,Tuesday,Spring,4768,171.45,0,9854,770
2019-05-01 ,Wednesday,Spring,1125,135.8,0,2020,595
2019-05-02 ,Thursday,Spring,1290,194.99,0,2464,163
2019-05-03 ,Friday,Spring,3440,182.11,0,5594,212
2019-05-04 ,Saturday,Spring,3141,150.63,1,9518,283
2019-05-05 ,Sunday,Spring,4260,97.66,0,6684,706
2019-05-06 ,Monday,Spring,1344,173.14,0,6490,456
2019-05-07 ,Tuesday,Spring,4554,188.46,1,7180,991
2019-05-08 ,Wednesday,Spring,4874,101.78,0,6691,596
2019-05-09 ,Thursday,Spring,3627,136.3,0,377,196
2019-05-10 ,Friday,Spring,2538,141.8,0,528,627
2019-05-11 ,Saturday,Spring,4154,185.11,0,8335,766
2019-05-12 ,Sunday,Spring,3714,185.4,0,3903,424
2019-05-13 ,Monday,Spring,626,65.99,0,6456,158
2019-05-14 ,Tuesday,Spring,4234,38.35,0,6330,395
2019-05-15 ,Wednesday,Spring,3030,113.86,0,6380,456
2019-05-16 ,Thursday,Spring,3151,66.27,0,8514,874
2019-05-17 ,Friday,Spring,4048,58.64,0,9227,323
2019-05-18 ,Saturday,Spring,3661,133.91,0,8858,230
2019-05-19 ,Sunday,Spring,1026,23.69,0,6083,189
2019-05-20 ,Monday,Spring,1678,159.94,0,8869,129
2019-05-21 ,Tuesday,Spring,626,126.74,0,3232,223
2019-05-22 ,Wednesday,Spring,2237,186.73,0,629,830
2019-05-23 ,Thursday,Spring,4980,72.79,0,5265,986
2019-05-24 ,Friday,Spring,2991,59.81,0,7666,375
2019-05-25 ,Saturday,Spring,4749,66.2,0,5381,384
2019-05-26 ,Sunday,Spring,1515,190.48,0,8513,317
2019-05-27 ,Monday,Spring,2981,112.61,0,1688,961
2019-05-28 ,Tuesday,Spring,3597,110.18,0,2285,394
2019-05-29 ,Wednesday,Spring,4047,154.37,0,1914,838
2019-05-30 ,Thursday,Spring,4009,83.95,0,7597,727
2019-05-31 ,Friday,Spring,847,22.63,0,1837,581
2019-06-01 ,Saturday,Summer,4786,135.53,0,7567,462
2019-06-02 ,Sunday,Summer,1081,61.93,0,3604,85
2019-06-03 ,Monday,Summer,2130,182.85,0,2182,518
2019-06-04 ,Tuesday,Summer,4515,66.07,0,9999,19
2019-06-05 ,Wednesday,Summer,2866,139.11,0,4837,307
2019-06-06 ,Thursday,Summer,2560,64.71,0,4565,927
2019-06-07 ,Friday,Summer,3484,82.47,0,1995,329
2019-06-08 ,Saturday,Summer,4467,136.8,0,3318,906
2019-06-09 ,Sunday,Summer,4211,43.29,0,4326,707
2019-06-10 ,Monday,Summer,3111,68.95,0,4478,429
2019-06-11 ,Tuesday,Summer,2318,137.95,0,5310,310
2019-06-12 ,Wednesday,Summer,4388,148.6,0,8326,581
2019-06-13 ,Thursday,Summer,1800,106.57,0,3078,361
2019-06-14 ,Friday,Summer,4193,89.42,0,2124,511
2019-06-15 ,Saturday,Summer,1165,193.89,0,6244,194
2019-06-16 ,Sunday,Summer,2433,69.91,0,9932,212
2019-06-17 ,Monday,Summer,1346,173.76,0,5198,92
2019-06-18 ,Tuesday,Summer,1267,158.57,0,156,933
2019-06-19 ,Wednesday,Summer,2397,28.49,0,2201,902
2019-06-20 ,Thursday,Summer,736,146.85,0,3786,866
2019-06-21 ,Friday,Summer,4614,73.86,0,2974,265
2019-06-22 ,Saturday,Summer,4870,153.62,0,291,288
2019-06-23 ,Sunday,Summer,2593,35.65,0,4888,234
2019-06-24 ,Monday,Summer,3250,52.08,0,2169,522
2019-06-25 ,Tuesday,Summer,2172,28.82,0,7637,205
2019-06-26 ,Wednesday,Summer,2591,198.34,0,9294,580
2019-06-27 ,Thursday,Summer,4326,45.33,0,9800,58
2019-06-28 ,Friday,Summer,3397,119.79,0,8687,711
2019-06-29 ,Saturday,Summer,1925,157.76,0,6494,358
2019-06-30 ,Sunday,Summer,2783,59.51,0,7001,495
2019-07-01 ,Monday,Summer,2209,156.06,0,8720,18
2019-07-02 ,Tuesday,Summer,4541,145.56,0,5762,820
2019-07-03 ,Wednesday,Summer,1171,74.63,0,6723,365
2019-07-04 ,Thursday,Summer,3831,76.1,0,2955,658
2019-07-05 ,Friday,Summer,3580,178.05,0,1939,521
2019-07-06 ,Saturday,Summer,3692,50.76,1,2711,576
2019-07-07 ,Sunday,Summer,2069,138.04,0,3554,749
2019-07-08 ,Monday,Summer,4291,49.7,1,6057,444
2019-07-09 ,Tuesday,Summer,557,132.1,1,8941,332
2019-07-10 ,Wednesday,Summer,3657,129.85,0,2468,346
2019-07-11 ,Thursday,Summer,4966,189.26,0,8438,114
2019-07-12 ,Friday,Summer,3753,30.18,0,5691,24
2019-07-13 ,Saturday,Summer,3189,194.33,0,7987,521
2019-07-14 ,Sunday,Summer,2298,141.14,0,2394,709
2019-07-15 ,Monday,Summer,600,47.65,0,3911,781
2019-07-16 ,Tuesday,Summer,1969,108.17,0,6845,428
2019-07-17 ,Wednesday,Summer,3923,178.09,0,803,355
2019-07-18 ,Thursday,Summer,905,167.96,1,359,88
2019-07-19 ,Friday,Summer,3151,86.31,1,8513,955
2019-07-20 ,Saturday,Summer,833,134.42,0,3297,89
2019-07-21 ,Sunday,Summer,1536,148.56,1,4700,500
2019-07-22 ,Monday,Summer,2393,176.21,0,4928,898
2019-07-23 ,Tuesday,Summer,4862,35.75,0,1965,514
2019-07-24 ,Wednesday,Summer,2535,162.54,0,7491,451
2019-07-25 ,Thursday,Summer,4078,175.39,0,9824,533
2019-07-26 ,Friday,Summer,2469,27.87,1,9980,24
2019-07-27 ,Saturday,Summer,3120,43.88,0,6763,395
2019-07-28 ,Sunday,Summer,4905,173.83,0,5451,62
2019-07-29 ,Monday,Summer,1322,44.88,0,6488,82
2019-07-30 ,Tuesday,Summer,2677,74.78,0,1532,419
2019-07-31 ,Wednesday,Summer,3699,21,0,2463,848
2019-08-01 ,Thursday,Summer,2464,108.46,0,4340,752
2019-08-02 ,Friday,Summer,2904,158.52,0,9652,717
2019-08-03 ,Saturday,Summer,3726,120.36,0,8976,544
2019-08-04 ,Sunday,Summer,4857,62.5,1,503,820
2019-08-05 ,Monday,Summer,4505,172.8,0,2565,12
2019-08-06 ,Tuesday,Summer,2880,151.56,1,3942,573
2019-08-07 ,Wednesday,Summer,1893,126.83,0,295,764
2019-08-08 ,Thursday,Summer,1499,136.19,0,6381,486
2019-08-09 ,Friday,Summer,3975,192.73,0,6806,968
2019-08-10 ,Saturday,Summer,3924,159.71,0,6149,379
2019-08-11 ,Sunday,Summer,1077,182.78,0,6963,489
2019-08-12 ,Monday,Summer,1092,44.95,0,2471,845
2019-08-13 ,Tuesday,Summer,2524,62.67,0,4016,373
2019-08-14 ,Wednesday,Summer,2343,33.97,0,1298,937
2019-08-15 ,Thursday,Summer,2217,106.43,0,8897,492
2019-08-16 ,Friday,Summer,4915,73.01,0,7097,898
2019-08-17 ,Saturday,Summer,4956,177.11,0,8533,695
2019-08-18 ,Sunday,Summer,3898,43.17,0,4703,811
2019-08-19 ,Monday,Summer,4961,157.8,0,9329,495
2019-08-20 ,Tuesday,Summer,3381,41.8,0,7937,330
2019-08-21 ,Wednesday,Summer,2437,185.63,0,6572,489
2019-08-22 ,Thursday,Summer,1333,77.43,0,8193,180
2019-08-23 ,Friday,Summer,4665,43.54,0,6728,131
2019-08-24 ,Saturday,Summer,4257,54.62,0,252,963
2019-08-25 ,Sunday,Summer,2454,40.35,1,7971,67
2019-08-26 ,Monday,Summer,2425,114.39,0,1920,507
2019-08-27 ,Tuesday,Summer,592,167.23,0,1847,510
2019-08-28 ,Wednesday,Summer,2769,165.38,0,8017,850
2019-08-29 ,Thursday,Summer,4234,174.8,0,4728,567
2019-08-30 ,Friday,Summer,979,105.23,0,8230,380
2019-08-31 ,Saturday,Summer,3373,146.78,0,9520,616
2019-09-01 ,Sunday,Autumn,3130,28.28,0,9697,99
2019-09-02 ,Monday,Autumn,1966,114.74,0,7846,708
2019-09-03 ,Tuesday,Autumn,4942,135.24,0,8922,846
2019-09-04 ,Wednesday,Autumn,4099,79.24,0,7918,867
2019-09-05 ,Thursday,Autumn,1221,179.51,0,2655,859
2019-09-06 ,Friday,Autumn,1419,38.91,0,4098,100
2019-09-07 ,Saturday,Autumn,3239,159.17,0,9188,59
2019-09-08 ,Sunday,Autumn,4393,55.68,1,5446,480
2019-09-09 ,Monday,Autumn,4113,118.48,0,1870,625
2019-09-10 ,Tuesday,Autumn,3466,25.81,0,3377,710
2019-09-11 ,Wednesday,Autumn,2833,50.23,1,7380,420
2019-09-12 ,Thursday,Autumn,4454,132.56,0,7584,685
2019-09-13 ,Friday,Autumn,1371,51.16,0,1481,253
2019-09-14 ,Saturday,Autumn,2808,53.98,0,3456,201
2019-09-15 ,Sunday,Autumn,1919,165.45,1,6597,206
2019-09-16 ,Monday,Autumn,3975,161.53,0,5957,687
2019-09-17 ,Tuesday,Autumn,2520,167.57,0,9137,458
2019-09-18 ,Wednesday,Autumn,1201,53.31,0,6297,125
2019-09-19 ,Thursday,Autumn,760,30.87,0,5789,767
2019-09-20 ,Friday,Autumn,4933,55.35,0,7467,347
2019-09-21 ,Saturday,Autumn,3904,77.51,0,7594,281
2019-09-22 ,Sunday,Autumn,3300,24.82,0,4620,999
2019-09-23 ,Monday,Autumn,3909,152.95,0,4707,696
2019-09-24 ,Tuesday,Autumn,3119,23.42,0,3941,589
2019-09-25 ,Wednesday,Autumn,4387,65.91,0,4342,980
2019-09-26 ,Thursday,Autumn,3534,125.53,0,1989,69
2019-09-27 ,Friday,Autumn,4508,105.28,0,5522,32
2019-09-28 ,Saturday,Autumn,4582,121.67,0,782,140
2019-09-29 ,Sunday,Autumn,4637,54.96,0,5805,906
2019-09-30 ,Monday,Autumn,1225,185.96,0,8442,881
2019-10-01 ,Tuesday,Autumn,1158,110.13,0,1337,38
2019-10-02 ,Wednesday,Autumn,2464,55.33,0,7399,883
2019-10-03 ,Thursday,Autumn,4293,128.54,0,5091,344
2019-10-04 ,Friday,Autumn,4262,51.15,1,8024,385
2019-10-05 ,Saturday,Autumn,4374,191.65,0,7417,468
2019-10-06 ,Sunday,Autumn,616,161.84,0,3844,574
2019-10-07 ,Monday,Autumn,2239,101.59,0,8098,835
2019-10-08 ,Tuesday,Autumn,1146,146.62,0,6710,192
2019-10-09 ,Wednesday,Autumn,2395,106.17,1,2760,829
2019-10-10 ,Thursday,Autumn,1927,89.32,0,3697,922
2019-10-11 ,Friday,Autumn,2461,79.13,0,2913,637
2019-10-12 ,Saturday,Autumn,3658,129,0,8657,783
2019-10-13 ,Sunday,Autumn,2672,72.75,1,4801,373
2019-10-14 ,Monday,Autumn,4392,85.85,0,4065,828
2019-10-15 ,Tuesday,Autumn,1995,34.08,0,719,232
2019-10-16 ,Wednesday,Autumn,3580,109.79,0,595,861
2019-10-17 ,Thursday,Autumn,2567,129.98,0,2988,902
2019-10-18 ,Friday,Autumn,4648,151.91,0,231,192
2019-10-19 ,Saturday,Autumn,979,133.14,0,3570,801
2019-10-20 ,Sunday,Autumn,3498,41.2,0,1828,757
2019-10-21 ,Monday,Autumn,3813,44.06,0,9103,309
2019-10-22 ,Tuesday,Autumn,2097,24.75,0,9992,463
2019-10-23 ,Wednesday,Autumn,3733,111.46,0,6983,146
2019-10-24 ,Thursday,Autumn,2728,112.01,0,3598,659
2019-10-25 ,Friday,Autumn,3164,184.18,0,9002,236
2019-10-26 ,Saturday,Autumn,2919,98.99,0,8500,92
2019-10-27 ,Sunday,Autumn,500,128.21,0,3601,578
2019-10-28 ,Monday,Autumn,1840,82.48,0,868,962
2019-10-29 ,Tuesday,Autumn,2899,162.29,0,2908,972
2019-10-30 ,Wednesday,Autumn,4017,137.36,0,3557,708
2019-10-31 ,Thursday,Autumn,2795,52.13,0,5315,963
2019-11-01 ,Friday,Autumn,3404,146.74,0,4096,333
2019-11-02 ,Saturday,Autumn,2629,160.69,0,3770,323
2019-11-03 ,Sunday,Autumn,575,93.64,0,5490,290
2019-11-04 ,Monday,Autumn,3241,155.57,0,4938,626
2019-11-05 ,Tuesday,Autumn,1198,113.3,0,5656,989
2019-11-06 ,Wednesday,Autumn,1446,113.92,0,5618,297
2019-11-07 ,Thursday,Autumn,746,97.68,0,8506,910
2019-11-08 ,Friday,Autumn,4129,194.89,0,371,747
2019-11-09 ,Saturday,Autumn,2448,112.1,0,5494,976
2019-11-10 ,Sunday,Autumn,1596,146.31,0,2964,672
2019-11-11 ,Monday,Autumn,1138,160.99,0,1124,40
2019-11-12 ,Tuesday,Autumn,4680,115.97,0,5543,39
2019-11-13 ,Wednesday,Autumn,1911,171.03,0,4004,615
2019-11-14 ,Thursday,Autumn,4541,56.23,0,1975,880
2019-11-15 ,Friday,Autumn,2308,28.03,0,2164,548
2019-11-16 ,Saturday,Autumn,1534,160.37,0,1762,590
2019-11-17 ,Sunday,Autumn,758,135.78,0,7589,617
2019-11-18 ,Monday,Autumn,1691,87.01,0,1988,245
2019-11-19 ,Tuesday,Autumn,611,25.16,0,7442,173
2019-11-20 ,Wednesday,Autumn,2332,178.43,0,818,626
2019-11-21 ,Thursday,Autumn,1566,122.11,0,7589,417
2019-11-22 ,Friday,Autumn,3178,74.95,0,8403,876
2019-11-23 ,Saturday,Autumn,3885,28.19,0,3544,805
2019-11-24 ,Sunday,Autumn,525,25.77,0,4347,110
2019-11-25 ,Monday,Autumn,3792,73.42,0,3053,672
2019-11-26 ,Tuesday,Autumn,2894,60.96,0,5452,362
2019-11-27 ,Wednesday,Autumn,3544,35.73,0,519,952
2019-11-28 ,Thursday,Autumn,3886,73.73,0,6869,981
2019-11-29 ,Friday,Autumn,2424,38.83,0,821,611
2019-11-30 ,Saturday,Autumn,4830,166.22,0,4437,826
2019-12-01 ,Sunday,Winter,3587,39.31,0,888,525
2019-12-02 ,Monday,Winter,2066,189.75,0,189,586
2019-12-03 ,Tuesday,Winter,1289,143.77,0,2555,593
2019-12-04 ,Wednesday,Winter,3182,44.41,0,9838,956
2019-12-05 ,Thursday,Winter,2520,193.7,0,3739,958
2019-12-06 ,Friday,Winter,4697,41.54,1,2694,847
2019-12-07 ,Saturday,Winter,3659,72.26,0,3356,916
2019-12-08 ,Sunday,Winter,3649,25.01,0,1175,857
2019-12-09 ,Monday,Winter,2101,70.22,0,2315,233
2019-12-10 ,Tuesday,Winter,4208,69.83,0,9276,204
2019-12-11 ,Wednesday,Winter,4015,71.62,0,3493,981
2019-12-12 ,Thursday,Winter,4843,191.83,0,2216,207
2019-12-13 ,Friday,Winter,1868,114.75,0,3053,704
2019-12-14 ,Saturday,Winter,4135,154.52,0,4032,891
2019-12-15 ,Sunday,Winter,1611,157.43,0,7011,350
2019-12-16 ,Monday,Winter,4390,47.42,0,3284,772
2019-12-17 ,Tuesday,Winter,1512,194.62,0,3371,110
2019-12-18 ,Wednesday,Winter,4835,189.03,0,9355,301
2019-12-19 ,Thursday,Winter,2088,48.92,0,8061,458
2019-12-20 ,Friday,Winter,1802,180.47,0,2370,809
2019-12-21 ,Saturday,Winter,967,76.23,0,944,971
2019-12-22 ,Sunday,Winter,1279,58.39,0,7094,143
2019-12-23 ,Monday,Winter,1847,189.02,0,1783,545
2019-12-24 ,Tuesday,Winter,4244,49.63,0,6765,734
2019-12-25 ,Wednesday,Winter,1585,42.17,0,2906,889
2019-12-26 ,Thursday,Winter,4851,173.89,0,4934,115
2019-12-27 ,Friday,Winter,2471,120.85,0,3935,313
2019-12-28 ,Saturday,Winter,1742,34.46,0,5999,884
2019-12-29 ,Sunday,Winter,679,142.45,0,8289,228
2019-12-30 ,Monday,Winter,3192,79.13,0,6984,414
2019-12-31 ,Tuesday,Winter,969,41.8,0,1110,597
2020-01-01 ,Wednesday,Winter,3052,21.99,0,4735,944
2020-01-02 ,Thursday,Winter,4657,60.4,0,3891,673
2020-01-03 ,Friday,Winter,1270,116.09,0,5133,347
2020-01-04 ,Saturday,Winter,2696,172.35,0,9024,965
2020-01-05 ,Sunday,Winter,3882,23.34,0,589,35
2020-01-06 ,Monday,Winter,3398,141.9,0,3709,643
2020-01-07 ,Tuesday,Winter,2876,151.31,0,5699,44
2020-01-08 ,Wednesday,Winter,692,102.39,0,8097,415
2020-01-09 ,Thursday,Winter,3916,127,0,1769,833
2020-01-10 ,Friday,Winter,1089,120.94,0,5353,224
2020-01-11 ,Saturday,Winter,904,130.6,0,748,325
2020-01-12 ,Sunday,Winter,958,58.01,0,7845,381
2020-01-13 ,Monday,Winter,2587,45.2,0,2888,363
2020-01-14 ,Tuesday,Winter,3610,67.84,0,807,513
2020-01-15 ,Wednesday,Winter,2226,112.72,0,9273,619
2020-01-16 ,Thursday,Winter,926,73.42,0,5874,372
2020-01-17 ,Friday,Winter,4567,125.02,0,1932,107
2020-01-18 ,Saturday,Winter,4868,32.77,0,810,140
2020-01-19 ,Sunday,Winter,3465,101.96,0,4471,80
2020-01-20 ,Monday,Winter,4728,76.93,0,2350,905
2020-01-21 ,Tuesday,Winter,977,32.85,0,8345,440
2020-01-22 ,Wednesday,Winter,4247,88.47,0,3541,352
2020-01-23 ,Thursday,Winter,1873,191.49,0,6128,48
2020-01-24 ,Friday,Winter,3936,129.95,0,6242,958
2020-01-25 ,Saturday,Winter,1046,171.64,0,7347,635
2020-01-26 ,Sunday,Winter,2591,172.35,0,7592,202
2020-01-27 ,Monday,Winter,4970,140.09,0,2880,703
2020-01-28 ,Tuesday,Winter,3362,55.03,0,8798,10
2020-01-29 ,Wednesday,Winter,3577,133.78,0,6265,255
2020-01-30 ,Thursday,Winter,1488,171.67,0,8783,803
2020-01-31 ,Friday,Winter,2782,25.41,0,2785,153
2020-02-01 ,Saturday,Winter,2565,100.71,0,9377,695
2020-02-02 ,Sunday,Winter,4328,135.54,0,8100,703
2020-02-03 ,Monday,Winter,4395,141.33,0,8749,20
2020-02-04 ,Tuesday,Winter,4127,73.81,0,6995,843
2020-02-05 ,Wednesday,Winter,3847,121.79,0,998,752
2020-02-06 ,Thursday,Winter,4272,101.85,0,5203,690
2020-02-07 ,Friday,Winter,2400,36.63,0,3180,301
2020-02-08 ,Saturday,Winter,3811,192.99,0,8277,896
2020-02-09 ,Sunday,Winter,2921,96.29,0,683,13
2020-02-10 ,Monday,Winter,2034,37.89,0,598,670
2020-02-11 ,Tuesday,Winter,2777,153.42,1,8804,100
2020-02-12 ,Wednesday,Winter,2878,127.42,0,3575,233
2020-02-13 ,Thursday,Winter,757,136.63,0,1245,603
2020-02-14 ,Friday,Winter,770,178.64,1,7898,46
2020-02-15 ,Saturday,Winter,4524,168.56,0,9691,210
2020-02-16 ,Sunday,Winter,540,190.75,0,169,957
2020-02-17 ,Monday,Winter,982,115.69,1,3442,277
2020-02-18 ,Tuesday,Winter,718,104.82,0,3073,664
2020-02-19 ,Wednesday,Winter,509,112.68,0,6337,201
2020-02-20 ,Thursday,Winter,775,67.61,0,1408,606
2020-02-21 ,Friday,Winter,501,147.95,0,1113,886
2020-02-22 ,Saturday,Winter,2163,191.03,0,8184,803
2020-02-23 ,Sunday,Winter,2469,154.11,0,5241,322
2020-02-24 ,Monday,Winter,3213,136.83,0,9759,49
2020-02-25 ,Tuesday,Winter,4707,141.95,0,943,382
2020-02-26 ,Wednesday,Winter,1518,155.23,0,841,549
2020-02-27 ,Thursday,Winter,1421,82.15,0,8048,899
2020-02-28 ,Friday,Winter,3912,162.66,0,1992,319
2020-02-29 ,Saturday,Winter,3687,132.45,0,6874,220
2020-03-01 ,Sunday,Spring,1008,77.21,0,548,198
2020-03-02 ,Monday,Spring,3002,86.82,0,9017,697
2020-03-03 ,Tuesday,Spring,2138,134.15,0,7234,877
2020-03-04 ,Wednesday,Spring,2039,199.62,0,9900,881
2020-03-05 ,Thursday,Spring,2684,151.25,0,2412,218
2020-03-06 ,Friday,Spring,3244,172.02,0,160,215
2020-03-07 ,Saturday,Spring,1209,111.83,0,943,866
2020-03-08 ,Sunday,Spring,3119,89.54,0,4010,386
2020-03-09 ,Monday,Spring,1162,107.99,1,5381,424
2020-03-10 ,Tuesday,Spring,3794,133.89,0,2353,584
2020-03-11 ,Wednesday,Spring,714,32.81,0,325,908
2020-03-12 ,Thursday,Spring,3057,106.84,0,4743,461
2020-03-13 ,Friday,Spring,4474,176.44,0,4302,143
2020-03-14 ,Saturday,Spring,2688,186.82,0,6694,671
2020-03-15 ,Sunday,Spring,1992,119.57,0,3774,295
2020-03-16 ,Monday,Spring,2130,136.59,0,7503,79
2020-03-17 ,Tuesday,Spring,2602,71.41,0,6523,728
2020-03-18 ,Wednesday,Spring,3601,57.01,0,5598,729
2020-03-19 ,Thursday,Spring,837,113.54,0,6472,179
2020-03-20 ,Friday,Spring,2546,88.94,0,8323,24
2020-03-21 ,Saturday,Spring,1977,177.97,0,6082,194
2020-03-22 ,Sunday,Spring,752,141.81,0,7898,675
2020-03-23 ,Monday,Spring,3596,26.75,0,1777,640
2020-03-24 ,Tuesday,Spring,1821,43.41,0,8028,489
2020-03-25 ,Wednesday,Spring,2282,179.1,0,4058,304
2020-03-26 ,Thursday,Spring,2305,175.74,1,6885,982
2020-03-27 ,Friday,Spring,2059,96.17,0,4685,640
2020-03-28 ,Saturday,Spring,3468,75.24,0,120,858
2020-03-29 ,Sunday,Spring,4238,102.08,0,4730,285
2020-03-30 ,Monday,Spring,2186,66.31,0,9402,627
2020-03-31 ,Tuesday,Spring,4211,116.26,0,4908,292
2020-04-01 ,Wednesday,Spring,3818,142.4,0,7910,459
2020-04-02 ,Thursday,Spring,2912,180.15,0,6908,839
2020-04-03 ,Friday,Spring,4179,59.72,0,3501,421
2020-04-04 ,Saturday,Spring,2050,179.82,0,2477,523
2020-04-05 ,Sunday,Spring,2368,126.86,0,724,736
2020-04-06 ,Monday,Spring,4075,126.11,0,2455,603
2020-04-07 ,Tuesday,Spring,2878,159.02,0,875,726
2020-04-08 ,Wednesday,Spring,4114,111.1,0,3501,421
2020-04-09 ,Thursday,Spring,4709,99.88,0,7007,250
2020-04-10 ,Friday,Spring,2220,106.78,0,4992,904
2020-04-11 ,Saturday,Spring,4806,180.33,1,155,489
2020-04-12 ,Sunday,Spring,2987,66.73,0,8549,131
2020-04-13 ,Monday,Spring,3750,85.02,1,9049,51
2020-04-14 ,Tuesday,Spring,2096,130.98,0,5120,475
2020-04-15 ,Wednesday,Spring,3080,107.67,0,340,772
2020-04-16 ,Thursday,Spring,1274,186.22,0,2397,871
2020-04-17 ,Friday,Spring,4270,101.29,0,2436,219
2020-04-18 ,Saturday,Spring,2638,35.48,0,5491,567
2020-04-19 ,Sunday,Spring,3743,108.25,0,9839,693
2020-04-20 ,Monday,Spring,3315,151.09,0,5134,71
2020-04-21 ,Tuesday,Spring,1357,30.01,0,3297,629
2020-04-22 ,Wednesday,Spring,4837,125.97,0,393,123
2020-04-23 ,Thursday,Spring,4942,192.65,0,1975,839
2020-04-24 ,Friday,Spring,1381,161.38,0,1828,466
2020-04-25 ,Saturday,Spring,4282,115.32,0,9086,43
2020-04-26 ,Sunday,Spring,3232,141.99,0,2568,875
2020-04-27 ,Monday,Spring,2083,33.16,0,4214,726
2020-04-28 ,Tuesday,Spring,3047,122.98,0,4366,327
2020-04-29 ,Wednesday,Spring,4774,157.65,0,7410,694
2020-04-30 ,Thursday,Spring,4807,70.98,0,4076,974
2020-05-01 ,Friday,Spring,4315,122.1,0,2140,311
2020-05-02 ,Saturday,Spring,1528,194.08,0,8566,735
2020-05-03 ,Sunday,Spring,2533,82.2,0,6940,969
2020-05-04 ,Monday,Spring,698,148.55,0,2619,982
2020-05-05 ,Tuesday,Spring,2933,148.79,0,413,169
2020-05-06 ,Wednesday,Spring,2739,23.27,0,877,697
2020-05-07 ,Thursday,Spring,4550,133.7,0,7512,426
2020-05-08 ,Friday,Spring,2421,147.68,1,1377,118
2020-05-09 ,Saturday,Spring,503,171.99,0,9262,704
2020-05-10 ,Sunday,Spring,4924,35.01,0,3490,461
2020-05-11 ,Monday,Spring,2387,182.51,0,9969,321
2020-05-12 ,Tuesday,Spring,4545,70.72,0,4058,223
2020-05-13 ,Wednesday,Spring,1187,32.73,0,7184,274
2020-05-14 ,Thursday,Spring,2862,140.68,0,8554,140
2020-05-15 ,Friday,Spring,3866,167.8,0,1420,778
2020-05-16 ,Saturday,Spring,1716,87.52,0,9580,859
2020-05-17 ,Sunday,Spring,3158,37.31,0,7835,225
2020-05-18 ,Monday,Spring,3428,190.18,0,527,601
2020-05-19 ,Tuesday,Spring,4804,95.87,0,102,882
2020-05-20 ,Wednesday,Spring,1917,160.26,0,993,476
2020-05-21 ,Thursday,Spring,2052,25.83,0,2320,582
2020-05-22 ,Friday,Spring,2278,64.29,0,6417,603
2020-05-23 ,Saturday,Spring,3824,121.87,0,1398,364
2020-05-24 ,Sunday,Spring,912,149.03,0,5366,569
2020-05-25 ,Monday,Spring,3148,193.26,0,3479,640
2020-05-26 ,Tuesday,Spring,2106,53.25,0,4354,241
2020-05-27 ,Wednesday,Spring,1853,180.32,0,1276,945
2020-05-28 ,Thursday,Spring,4720,51.64,0,5624,636
2020-05-29 ,Friday,Spring,1275,147.28,0,6000,233
2020-05-30 ,Saturday,Spring,2330,78.3,0,6754,18
2020-05-31 ,Sunday,Spring,1263,41.51,0,654,240
2020-06-01 ,Monday,Summer,2125,148.53,0,3438,377
2020-06-02 ,Tuesday,Summer,2652,75.08,0,6705,101
2020-06-03 ,Wednesday,Summer,1948,65.66,0,3094,914
2020-06-04 ,Thursday,Summer,852,122.93,0,9875,878
2020-06-05 ,Friday,Summer,4535,38.77,0,3174,571
2020-06-06 ,Saturday,Summer,3907,131.1,0,6061,920
2020-06-07 ,Sunday,Summer,2742,88.32,0,3293,361
2020-06-08 ,Monday,Summer,1406,139.74,0,9774,699
2020-06-09 ,Tuesday,Summer,3024,181.87,0,8351,886
2020-06-10 ,Wednesday,Summer,1621,183.01,0,6948,593
2020-06-11 ,Thursday,Summer,4471,40.68,0,9603,763
2020-06-12 ,Friday,Summer,549,131.36,0,3703,173
2020-06-13 ,Saturday,Summer,3587,154.85,0,6098,239
2020-06-14 ,Sunday,Summer,4781,145.98,0,3330,756
2020-06-15 ,Monday,Summer,4261,53.62,0,657,764
2020-06-16 ,Tuesday,Summer,3535,149.19,0,4836,267
2020-06-17 ,Wednesday,Summer,658,38,0,8553,618
2020-06-18 ,Thursday,Summer,4133,163.37,0,4984,945
2020-06-19 ,Friday,Summer,1680,192.69,0,1144,81
2020-06-20 ,Saturday,Summer,1197,25.44,0,954,680
2020-06-21 ,Sunday,Summer,787,186.17,0,887,466
2020-06-22 ,Monday,Summer,4510,140.17,0,3642,916
2020-06-23 ,Tuesday,Summer,4790,78.29,0,428,50
2020-06-24 ,Wednesday,Summer,2117,192.82,0,3056,161
2020-06-25 ,Thursday,Summer,3303,66.82,0,5758,354
2020-06-26 ,Friday,Summer,3771,97.46,0,6131,821
2020-06-27 ,Saturday,Summer,842,56.28,1,7876,48
2020-06-28 ,Sunday,Summer,3142,62.31,0,5472,431
2020-06-29 ,Monday,Summer,4685,107.06,0,9683,829
2020-06-30 ,Tuesday,Summer,1956,111.64,0,5199,133
2020-07-01 ,Wednesday,Summer,1561,182.97,0,8788,955
2020-07-02 ,Thursday,Summer,3070,196.52,0,4828,973
2020-07-03 ,Friday,Summer,2131,143.14,0,949,907
2020-07-04 ,Saturday,Summer,2249,47.34,0,1497,761
2020-07-05 ,Sunday,Summer,4748,135.18,0,9845,386
2020-07-06 ,Monday,Summer,1328,54.45,0,392,567
2020-07-07 ,Tuesday,Summer,4269,54.97,0,7989,13
2020-07-08 ,Wednesday,Summer,3839,57.59,0,1140,190
2020-07-09 ,Thursday,Summer,3515,51.03,0,3646,104
2020-07-10 ,Friday,Summer,3045,180.11,0,3614,638
2020-07-11 ,Saturday,Summer,3265,30.83,0,795,274
2020-07-12 ,Sunday,Summer,3915,55.99,0,7520,699
2020-07-13 ,Monday,Summer,1398,93.06,0,2197,391
2020-07-14 ,Tuesday,Summer,2401,68.27,0,4193,414
2020-07-15 ,Wednesday,Summer,4685,85.41,0,6913,708
2020-07-16 ,Thursday,Summer,3022,69.17,0,4370,368
2020-07-17 ,Friday,Summer,2983,115.26,0,5984,126
2020-07-18 ,Saturday,Summer,3375,151.57,0,4063,964
2020-07-19 ,Sunday,Summer,1091,69.41,0,6424,362
2020-07-20 ,Monday,Summer,3636,134.99,0,991,540
2020-07-21 ,Tuesday,Summer,511,132.3,0,2915,628
2020-07-22 ,Wednesday,Summer,1196,166.49,0,7068,884
2020-07-23 ,Thursday,Summer,3084,78.98,0,852,216
2020-07-24 ,Friday,Summer,3922,98.68,0,1009,627
2020-07-25 ,Saturday,Summer,4519,161.6,0,6856,165
2020-07-26 ,Sunday,Summer,3944,133.34,0,3681,973
2020-07-27 ,Monday,Summer,4321,63.56,0,3822,489
2020-07-28 ,Tuesday,Summer,854,110.92,0,3985,485
2020-07-29 ,Wednesday,Summer,2808,141.41,0,1800,515
2020-07-30 ,Thursday,Summer,3121,160.47,0,4414,780
2020-07-31 ,Friday,Summer,3224,61.37,0,9324,382
2020-08-01 ,Saturday,Summer,4352,84.55,0,4050,396
2020-08-02 ,Sunday,Summer,1178,84.98,0,6132,757
2020-08-03 ,Monday,Summer,3152,68.47,0,9951,306
2020-08-04 ,Tuesday,Summer,1898,69.01,0,6543,241
2020-08-05 ,Wednesday,Summer,2989,114.37,0,2231,415
2020-08-06 ,Thursday,Summer,4451,58.65,0,454,425
2020-08-07 ,Friday,Summer,1324,21.4,0,8885,726
2020-08-08 ,Saturday,Summer,4290,155.4,0,2541,770
2020-08-09 ,Sunday,Summer,3042,197.77,0,8568,147
2020-08-10 ,Monday,Summer,1816,175.48,0,1260,677
2020-08-11 ,Tuesday,Summer,911,58.07,0,6300,62
2020-08-12 ,Wednesday,Summer,2538,82.82,0,4806,944
2020-08-13 ,Thursday,Summer,4382,99.1,0,6547,692
2020-08-14 ,Friday,Summer,4141,86.11,0,8894,793
2020-08-15 ,Saturday,Summer,4485,187.86,0,2907,871
2020-08-16 ,Sunday,Summer,4210,130.85,0,2349,158
2020-08-17 ,Monday,Summer,536,114.51,0,5717,467
2020-08-18 ,Tuesday,Summer,2258,63.19,0,4959,243
2020-08-19 ,Wednesday,Summer,2340,63.99,0,774,416
2020-08-20 ,Thursday,Summer,1049,168.58,0,6500,954
2020-08-21 ,Friday,Summer,4194,55.2,0,1962,811
2020-08-22 ,Saturday,Summer,2374,127.09,0,2472,139
2020-08-23 ,Sunday,Summer,4325,110.26,0,9850,11
2020-08-24 ,Monday,Summer,1365,85.21,0,6487,801
2020-08-25 ,Tuesday,Summer,1007,32.31,0,7825,538
2020-08-26 ,Wednesday,Summer,4263,102.78,0,8080,813
2020-08-27 ,Thursday,Summer,3503,135.44,0,7867,630
2020-08-28 ,Friday,Summer,3873,129.39,0,392,841
2020-08-29 ,Saturday,Summer,3894,105.91,0,6948,495
2020-08-30 ,Sunday,Summer,3659,107.86,0,8482,623
2020-08-31 ,Monday,Summer,964,140.91,0,6778,876
2020-09-01 ,Tuesday,Autumn,1098,23.74,0,962,958
2020-09-02 ,Wednesday,Autumn,2924,153.41,0,5002,545
2020-09-03 ,Thursday,Autumn,2295,95.74,0,7799,311
2020-09-04 ,Friday,Autumn,592,36.31,0,4535,515
2020-09-05 ,Saturday,Autumn,4108,198.81,0,7616,528
2020-09-06 ,Sunday,Autumn,2080,26.69,0,3193,972
2020-09-07 ,Monday,Autumn,4450,103.83,0,4612,337
2020-09-08 ,Tuesday,Autumn,925,35.38,1,3614,582
2020-09-09 ,Wednesday,Autumn,3724,168.32,0,8912,986
2020-09-10 ,Thursday,Autumn,3335,61.38,0,7841,693
2020-09-11 ,Friday,Autumn,4560,52.97,0,739,310
2020-09-12 ,Saturday,Autumn,985,144.28,0,587,225
2020-09-13 ,Sunday,Autumn,4591,87.83,0,7420,155
2020-09-14 ,Monday,Autumn,1839,138.4,0,9505,369
2020-09-15 ,Tuesday,Autumn,2751,71.54,0,7555,926
2020-09-16 ,Wednesday,Autumn,877,132.01,0,3678,459
2020-09-17 ,Thursday,Autumn,4042,26.03,0,4220,62
2020-09-18 ,Friday,Autumn,805,81.45,0,4395,822
2020-09-19 ,Saturday,Autumn,4934,43.78,0,8853,440
2020-09-20 ,Sunday,Autumn,3658,93.15,0,1527,577
2020-09-21 ,Monday,Autumn,4866,135.08,0,643,14
2020-09-22 ,Tuesday,Autumn,3430,96.96,0,1152,871
2020-09-23 ,Wednesday,Autumn,4549,86.46,0,1650,648
2020-09-24 ,Thursday,Autumn,3202,40.92,0,4698,411
2020-09-25 ,Friday,Autumn,737,141.99,0,4370,978
2020-09-26 ,Saturday,Autumn,1434,25.21,0,5837,937
2020-09-27 ,Sunday,Autumn,4870,104.02,1,1906,97
2020-09-28 ,Monday,Autumn,2981,77.39,0,2920,397
2020-09-29 ,Tuesday,Autumn,4578,35.1,0,5789,862
2020-09-30 ,Wednesday,Autumn,927,166.93,0,1520,695
2020-10-01 ,Thursday,Autumn,1592,48.98,0,7744,12
2020-10-02 ,Friday,Autumn,575,110.04,0,1634,225
2020-10-03 ,Saturday,Autumn,2912,68.37,0,4976,460
2020-10-04 ,Sunday,Autumn,2754,184.34,0,9828,993
2020-10-05 ,Monday,Autumn,1677,198.87,0,4555,573
2020-10-06 ,Tuesday,Autumn,4885,143.1,0,3904,324
2020-10-07 ,Wednesday,Autumn,2648,177.91,0,4449,943
2020-10-08 ,Thursday,Autumn,606,128.29,0,1576,732
2020-10-09 ,Friday,Autumn,3867,169.59,0,2907,653
2020-10-10 ,Saturday,Autumn,867,187.25,0,9988,683
2020-10-11 ,Sunday,Autumn,4190,28.45,0,628,722
2020-10-12 ,Monday,Autumn,2226,164.3,1,4212,637
2020-10-13 ,Tuesday,Autumn,2860,88.79,0,3468,51
2020-10-14 ,Wednesday,Autumn,1069,195.29,1,4215,43
2020-10-15 ,Thursday,Autumn,667,48.36,0,5701,693
2020-10-16 ,Friday,Autumn,3223,40.68,0,5242,950
2020-10-17 ,Saturday,Autumn,1676,132.22,0,4474,313
2020-10-18 ,Sunday,Autumn,2431,158.95,0,5573,321
2020-10-19 ,Monday,Autumn,2305,175.28,0,2231,558
2020-10-20 ,Tuesday,Autumn,1946,116.14,0,7888,561
2020-10-21 ,Wednesday,Autumn,505,100.76,0,7412,78
2020-10-22 ,Thursday,Autumn,539,127.69,0,5673,279
2020-10-23 ,Friday,Autumn,972,52.29,0,8653,92
2020-10-24 ,Saturday,Autumn,4078,164.04,0,126,330
2020-10-25 ,Sunday,Autumn,899,163.62,0,3896,188
2020-10-26 ,Monday,Autumn,615,184.2,0,6541,113
2020-10-27 ,Tuesday,Autumn,4631,27.2,0,1720,94
2020-10-28 ,Wednesday,Autumn,1831,27.3,0,1714,229
2020-10-29 ,Thursday,Autumn,3013,168.51,0,2811,882
2020-10-30 ,Friday,Autumn,3546,46.15,0,2908,171
2020-10-31 ,Saturday,Autumn,4022,47.96,0,9033,51
2020-11-01 ,Sunday,Autumn,1849,34.85,0,9877,223
2020-11-02 ,Monday,Autumn,725,29.88,0,3270,406
2020-11-03 ,Tuesday,Autumn,624,149.92,0,1847,265
2020-11-04 ,Wednesday,Autumn,3341,95.09,0,7031,151
2020-11-05 ,Thursday,Autumn,3456,170.65,0,2390,462
2020-11-06 ,Friday,Autumn,3476,81.15,0,3844,238
2020-11-07 ,Saturday,Autumn,3740,147.22,0,5131,777
2020-11-08 ,Sunday,Autumn,1042,91.37,0,5230,755
2020-11-09 ,Monday,Autumn,1862,30.15,0,3071,201
2020-11-10 ,Tuesday,Autumn,2809,108.2,0,2102,997
2020-11-11 ,Wednesday,Autumn,2412,102.13,0,6994,595
2020-11-12 ,Thursday,Autumn,4795,44.73,0,3343,606
2020-11-13 ,Friday,Autumn,2690,145.32,0,1651,719
2020-11-14 ,Saturday,Autumn,1020,153.92,1,824,46
2020-11-15 ,Sunday,Autumn,4531,88.85,0,3471,775
2020-11-16 ,Monday,Autumn,1379,51.85,0,6164,468
2020-11-17 ,Tuesday,Autumn,1677,159.53,0,2626,607
2020-11-18 ,Wednesday,Autumn,1212,129.43,0,2559,519
2020-11-19 ,Thursday,Autumn,3628,171,0,9880,859
2020-11-20 ,Friday,Autumn,1627,29.53,0,538,584
2020-11-21 ,Saturday,Autumn,1367,83.72,0,7969,960
2020-11-22 ,Sunday,Autumn,2088,186.62,0,731,621
2020-11-23 ,Monday,Autumn,609,75.56,0,5012,658
2020-11-24 ,Tuesday,Autumn,1055,38.25,0,4306,446
2020-11-25 ,Wednesday,Autumn,4021,189.17,0,816,367
2020-11-26 ,Thursday,Autumn,1436,195.14,0,3814,540
2020-11-27 ,Friday,Autumn,1833,136.21,0,2476,525
2020-11-28 ,Saturday,Autumn,1386,151.95,0,5690,945
2020-11-29 ,Sunday,Autumn,2563,61.65,0,1889,611
2020-11-30 ,Monday,Autumn,3619,146.18,0,7802,374
2020-12-01 ,Tuesday,Winter,1060,90.78,0,9228,480
2020-12-02 ,Wednesday,Winter,1527,109.63,0,3344,889
2020-12-03 ,Thursday,Winter,1542,48.43,0,7015,875
2020-12-04 ,Friday,Winter,4136,55.01,0,1652,193
2020-12-05 ,Saturday,Winter,671,154.57,0,8424,562
2020-12-06 ,Sunday,Winter,534,72.71,0,8207,612
2020-12-07 ,Monday,Winter,701,183.28,0,1359,47
2020-12-08 ,Tuesday,Winter,2296,142.47,1,2835,981
2020-12-09 ,Wednesday,Winter,2339,68.93,0,4009,459
2020-12-10 ,Thursday,Winter,716,187.01,0,2413,433
2020-12-11 ,Friday,Winter,4435,57.09,0,129,283
2020-12-12 ,Saturday,Winter,4687,27.77,0,9447,987
2020-12-13 ,Sunday,Winter,4037,177.79,1,8211,956
2020-12-14 ,Monday,Winter,3531,173.95,0,1579,586
2020-12-15 ,Tuesday,Winter,2237,150.38,0,4850,538
2020-12-16 ,Wednesday,Winter,4100,96.42,0,6334,149
2020-12-17 ,Thursday,Winter,1186,118.15,0,3166,575
2020-12-18 ,Friday,Winter,3538,140.94,0,997,273
2020-12-19 ,Saturday,Winter,1068,186.61,0,1403,636
2020-12-20 ,Sunday,Winter,3248,172.51,0,4918,370
2020-12-21 ,Monday,Winter,3073,75.15,1,1032,728
2020-12-22 ,Tuesday,Winter,2138,124.28,0,8825,393
2020-12-23 ,Wednesday,Winter,4702,88.32,0,2160,898
2020-12-24 ,Thursday,Winter,1142,64.7,0,8216,96
2020-12-25 ,Friday,Winter,2280,162.84,1,7915,643
2020-12-26 ,Saturday,Winter,3877,164.21,0,884,120
2020-12-27 ,Sunday,Winter,3014,137.23,0,8955,897
2020-12-28 ,Monday,Winter,4876,23.29,0,3465,296
2020-12-29 ,Tuesday,Winter,4972,39.91,0,9081,391
2020-12-30 ,Wednesday,Winter,2973,125.81,0,8759,711
2020-12-31 ,Thursday,Winter,2766,89.4,0,4516,589
2021-01-01 ,Friday,Winter,1457,157.72,0,9360,183
2021-01-02 ,Saturday,Winter,2079,63.19,0,6174,633
2021-01-03 ,Sunday,Winter,985,147.54,0,693,962
2021-01-04 ,Monday,Winter,724,78.11,0,2384,427
2021-01-05 ,Tuesday,Winter,4024,108.21,1,5795,61
2021-01-06 ,Wednesday,Winter,1276,150.7,0,448,203
2021-01-07 ,Thursday,Winter,3457,30.27,0,5582,884
2021-01-08 ,Friday,Winter,3629,84.64,0,5289,938
2021-01-09 ,Saturday,Winter,1224,32.11,0,5426,800
2021-01-10 ,Sunday,Winter,2673,48.22,0,8425,582
2021-01-11 ,Monday,Winter,4371,103.41,0,8243,401
2021-01-12 ,Tuesday,Winter,837,123.12,0,6322,385
2021-01-13 ,Wednesday,Winter,4095,132.58,0,4944,293
2021-01-14 ,Thursday,Winter,3812,169.32,0,2105,747
2021-01-15 ,Friday,Winter,2047,43.51,0,5485,198
2021-01-16 ,Saturday,Winter,3998,47.22,0,3606,31
2021-01-17 ,Sunday,Winter,4679,193.63,0,1383,45
2021-01-18 ,Monday,Winter,2171,27.79,0,4186,533
2021-01-19 ,Tuesday,Winter,1256,89.91,0,5161,586
2021-01-20 ,Wednesday,Winter,1291,173.39,0,1218,440
2021-01-21 ,Thursday,Winter,2925,63.92,0,4836,836
2021-01-22 ,Friday,Winter,4102,161.32,0,4667,442
2021-01-23 ,Saturday,Winter,1833,114.23,0,4151,744
2021-01-24 ,Sunday,Winter,560,121.21,0,4984,409
2021-01-25 ,Monday,Winter,1460,130.25,0,170,217
2021-01-26 ,Tuesday,Winter,1591,149.02,0,4896,346
2021-01-27 ,Wednesday,Winter,4622,26.22,0,123,774
2021-01-28 ,Thursday,Winter,2994,141.44,0,9366,310
2021-01-29 ,Friday,Winter,3906,39.74,0,8668,694
2021-01-30 ,Saturday,Winter,2800,47.56,0,5335,253
2021-01-31 ,Sunday,Winter,1634,98.84,0,5097,746
2021-02-01 ,Monday,Winter,1980,119.86,0,8865,143
2021-02-02 ,Tuesday,Winter,918,166,0,9496,869
2021-02-03 ,Wednesday,Winter,4592,138.03,0,9821,607
2021-02-04 ,Thursday,Winter,3669,40.24,0,2648,611
2021-02-05 ,Friday,Winter,4876,134.25,1,3991,662
2021-02-06 ,Saturday,Winter,4339,83.88,0,956,134
2021-02-07 ,Sunday,Winter,2054,152.88,0,2117,418
2021-02-08 ,Monday,Winter,4424,104.02,0,9735,456
2021-02-09 ,Tuesday,Winter,4100,49.91,0,2819,962
2021-02-10 ,Wednesday,Winter,1211,192.75,0,8142,767
2021-02-11 ,Thursday,Winter,1214,44.03,0,355,101
2021-02-12 ,Friday,Winter,4494,88.97,0,1695,821
2021-02-13 ,Saturday,Winter,933,128.4,0,5133,62
2021-02-14 ,Sunday,Winter,2483,55.78,0,7896,10
2021-02-15 ,Monday,Winter,3531,172.62,0,164,374
2021-02-16 ,Tuesday,Winter,4741,31.72,0,5681,591
2021-02-17 ,Wednesday,Winter,3636,20.75,0,1076,458
2021-02-18 ,Thursday,Winter,4053,83.75,1,1888,76
2021-02-19 ,Friday,Winter,2986,88.1,0,4125,198
2021-02-20 ,Saturday,Winter,4848,51.54,0,6410,812
2021-02-21 ,Sunday,Winter,2907,188.44,0,1686,830
2021-02-22 ,Monday,Winter,735,37.17,0,7779,266
2021-02-23 ,Tuesday,Winter,1012,102.56,0,2313,925
2021-02-24 ,Wednesday,Winter,1597,36.45,0,9983,22
2021-02-25 ,Thursday,Winter,1833,127.09,0,9784,668
2021-02-26 ,Friday,Winter,1805,155.68,0,1022,855
2021-02-27 ,Saturday,Winter,1116,26.38,0,2793,357
2021-02-28 ,Sunday,Winter,4589,45.84,1,9247,49
2021-03-01 ,Monday,Spring,2557,59.76,0,5045,509
2021-03-02 ,Tuesday,Spring,2589,140.12,0,526,470
2021-03-03 ,Wednesday,Spring,3486,76.55,0,9093,194
2021-03-04 ,Thursday,Spring,3935,53.49,0,201,164
2021-03-05 ,Friday,Spring,4108,105.86,0,3243,922
2021-03-06 ,Saturday,Spring,3459,139.42,0,3294,253
2021-03-07 ,Sunday,Spring,4907,111.18,0,5473,635
2021-03-08 ,Monday,Spring,1260,171.74,0,3989,101
2021-03-09 ,Tuesday,Spring,1008,47.91,0,5406,128
2021-03-10 ,Wednesday,Spring,4621,128.98,0,7691,503
2021-03-11 ,Thursday,Spring,3055,112.98,0,9980,209
2021-03-12 ,Friday,Spring,2330,73.78,0,5186,648
2021-03-13 ,Saturday,Spring,1413,192.61,0,7610,839
2021-03-14 ,Sunday,Spring,3829,44.42,0,1006,575
2021-03-15 ,Monday,Spring,3053,159.34,0,5181,182
2021-03-16 ,Tuesday,Spring,899,139.58,0,7672,624
2021-03-17 ,Wednesday,Spring,4026,40.43,0,6016,963
2021-03-18 ,Thursday,Spring,3286,83.36,0,1814,167
2021-03-19 ,Friday,Spring,2083,99.11,0,1070,680
2021-03-20 ,Saturday,Spring,3802,99.31,0,1738,821
2021-03-21 ,Sunday,Spring,4498,62.76,0,8762,166
2021-03-22 ,Monday,Spring,2782,98.84,0,8514,635
2021-03-23 ,Tuesday,Spring,685,190.76,0,7473,137
2021-03-24 ,Wednesday,Spring,1991,163.31,0,5941,242
2021-03-25 ,Thursday,Spring,2518,30.72,0,6420,748
2021-03-26 ,Friday,Spring,2663,45.14,0,6805,226
2021-03-27 ,Saturday,Spring,1911,31.2,0,885,883
2021-03-28 ,Sunday,Spring,1539,188.94,0,2702,766
2021-03-29 ,Monday,Spring,2654,54.2,0,3764,302
2021-03-30 ,Tuesday,Spring,2923,43.81,0,9811,126
2021-03-31 ,Wednesday,Spring,4281,56.65,0,3734,856
2021-04-01 ,Thursday,Spring,1524,147.83,0,5288,547
2021-04-02 ,Friday,Spring,3036,179.22,0,521,958
2021-04-03 ,Saturday,Spring,2046,30.22,0,9634,421
2021-04-04 ,Sunday,Spring,3279,156.93,0,2319,40
2021-04-05 ,Monday,Spring,1378,117.58,0,8574,909
2021-04-06 ,Tuesday,Spring,2146,115.26,0,7462,461
2021-04-07 ,Wednesday,Spring,2188,131.73,0,8537,301
2021-04-08 ,Thursday,Spring,3303,105.59,0,2802,355
2021-04-09 ,Friday,Spring,3578,87.62,0,6399,39
2021-04-10 ,Saturday,Spring,3700,21.62,0,929,341
2021-04-11 ,Sunday,Spring,4579,172.9,0,2407,478
2021-04-12 ,Monday,Spring,664,93.58,0,5372,241
2021-04-13 ,Tuesday,Spring,4373,193.72,0,2774,265
2021-04-14 ,Wednesday,Spring,4690,30.08,0,9682,70
2021-04-15 ,Thursday,Spring,2720,40.78,0,5383,203
2021-04-16 ,Friday,Spring,4135,27.86,0,9928,977
2021-04-17 ,Saturday,Spring,1448,180.17,0,5255,525
2021-04-18 ,Sunday,Spring,4156,37.36,0,9073,950
2021-04-19 ,Monday,Spring,3353,36.85,0,3804,403
2021-04-20 ,Tuesday,Spring,3615,34.01,0,240,283
2021-04-21 ,Wednesday,Spring,2524,128.37,0,8824,553
2021-04-22 ,Thursday,Spring,1349,33.98,0,5285,99
2021-04-23 ,Friday,Spring,3199,194.32,0,8922,27
2021-04-24 ,Saturday,Spring,718,177.26,0,5446,862
2021-04-25 ,Sunday,Spring,826,164.43,0,3883,319
2021-04-26 ,Monday,Spring,4512,184.23,0,114,132
2021-04-27 ,Tuesday,Spring,1302,76.9,0,4775,610
2021-04-28 ,Wednesday,Spring,1502,111.05,0,8236,82
2021-04-29 ,Thursday,Spring,2641,25.14,0,1316,824
2021-04-30 ,Friday,Spring,2995,50.7,0,907,903
2021-05-01 ,Saturday,Spring,3324,27.59,0,5456,222
2021-05-02 ,Sunday,Spring,2798,149.38,0,6865,475
2021-05-03 ,Monday,Spring,2886,56.57,1,4004,176
2021-05-04 ,Tuesday,Spring,4670,73.26,0,578,661
2021-05-05 ,Wednesday,Spring,923,76.14,0,2250,234
2021-05-06 ,Thursday,Spring,3452,192.54,1,8499,975
2021-05-07 ,Friday,Spring,2212,167.64,0,2683,42
2021-05-08 ,Saturday,Spring,2539,73.05,0,531,327
2021-05-09 ,Sunday,Spring,3969,146.8,0,7052,399
2021-05-10 ,Monday,Spring,2386,83.63,0,2191,547
2021-05-11 ,Tuesday,Spring,4094,88.84,0,5073,160
2021-05-12 ,Wednesday,Spring,4671,140.08,0,1995,262
2021-05-13 ,Thursday,Spring,4674,125.1,1,2551,847
2021-05-14 ,Friday,Spring,3934,154.37,0,2573,705
2021-05-15 ,Saturday,Spring,929,64.37,0,5700,710
2021-05-16 ,Sunday,Spring,2104,169.43,0,7267,864
2021-05-17 ,Monday,Spring,4715,111.09,0,7974,830
2021-05-18 ,Tuesday,Spring,1862,184.71,0,3115,672
2021-05-19 ,Wednesday,Spring,4401,63.22,0,7035,748
2021-05-20 ,Thursday,Spring,2924,59.77,0,4319,380
2021-05-21 ,Friday,Spring,1023,71.04,0,3805,617
2021-05-22 ,Saturday,Spring,2886,169.02,0,7194,820
2021-05-23 ,Sunday,Spring,1645,198.83,0,7330,174
2021-05-24 ,Monday,Spring,2531,69.23,0,6556,875
2021-05-25 ,Tuesday,Spring,2722,20.99,0,618,556
2021-05-26 ,Wednesday,Spring,3534,189.57,0,7600,904
2021-05-27 ,Thursday,Spring,1612,74.97,0,3316,198
2021-05-28 ,Friday,Spring,3334,60.66,0,3904,429
2021-05-29 ,Saturday,Spring,4499,82.11,0,4615,391
2021-05-30 ,Sunday,Spring,2859,145.16,0,8875,94
2021-05-31 ,Monday,Spring,2347,102.77,0,5377,789
2021-06-01 ,Tuesday,Summer,3021,139.96,0,1428,154
2021-06-02 ,Wednesday,Summer,4340,88.5,0,2300,125
2021-06-03 ,Thursday,Summer,3972,126.39,0,3458,937
2021-06-04 ,Friday,Summer,2937,154.95,0,9856,453
2021-06-05 ,Saturday,Summer,1784,61.7,0,1679,93
2021-06-06 ,Sunday,Summer,4165,33.68,0,4230,250
2021-06-07 ,Monday,Summer,4099,129.69,0,2388,66
2021-06-08 ,Tuesday,Summer,2145,127.22,0,5333,786
2021-06-09 ,Wednesday,Summer,4104,65.25,0,6077,284
2021-06-10 ,Thursday,Summer,1228,102.96,0,7830,989
2021-06-11 ,Friday,Summer,4904,100.29,0,5666,151
2021-06-12 ,Saturday,Summer,3552,86.63,0,1846,666
2021-06-13 ,Sunday,Summer,3385,114.94,0,9905,481
2021-06-14 ,Monday,Summer,1977,35.46,0,3999,596
2021-06-15 ,Tuesday,Summer,1219,146.58,0,3777,645
2021-06-16 ,Wednesday,Summer,969,172.22,0,3393,423
2021-06-17 ,Thursday,Summer,2731,123.79,0,6451,656
2021-06-18 ,Friday,Summer,3627,59.78,0,9437,890
2021-06-19 ,Saturday,Summer,4517,56.68,0,8233,801
2021-06-20 ,Sunday,Summer,3819,151.83,0,837,446
2021-06-21 ,Monday,Summer,1830,180.88,0,8248,17
2021-06-22 ,Tuesday,Summer,2100,173.74,0,2518,170
2021-06-23 ,Wednesday,Summer,1695,101.99,0,5670,681
2021-06-24 ,Thursday,Summer,4521,158.09,0,7541,886
2021-06-25 ,Friday,Summer,4884,117.65,0,6189,226
2021-06-26 ,Saturday,Summer,966,115.48,0,4029,53
2021-06-27 ,Sunday,Summer,3577,166.45,0,5457,21
2021-06-28 ,Monday,Summer,2733,62.14,0,2244,236
2021-06-29 ,Tuesday,Summer,2360,176.15,0,670,898
2021-06-30 ,Wednesday,Summer,2395,116.17,0,8883,297
2021-07-01 ,Thursday,Summer,3960,125.25,0,9618,572
2021-07-02 ,Friday,Summer,4899,148,1,7462,993
2021-07-03 ,Saturday,Summer,2106,173.42,0,1937,464
2021-07-04 ,Sunday,Summer,2320,189.86,0,3075,165
2021-07-05 ,Monday,Summer,3737,73.77,0,5070,997
2021-07-06 ,Tuesday,Summer,3785,135.28,0,2217,826
2021-07-07 ,Wednesday,Summer,4089,194.11,0,8514,340
2021-07-08 ,Thursday,Summer,2653,176.22,0,2236,106
2021-07-09 ,Friday,Summer,2110,76.09,0,6168,125
2021-07-10 ,Saturday,Summer,4550,82.38,0,5029,339
2021-07-11 ,Sunday,Summer,2740,146.04,0,2319,464
2021-07-12 ,Monday,Summer,4183,76.14,0,2927,276
2021-07-13 ,Tuesday,Summer,1408,166.91,0,8142,776
2021-07-14 ,Wednesday,Summer,1658,143,0,3542,540
2021-07-15 ,Thursday,Summer,4463,32.06,0,8051,477
2021-07-16 ,Friday,Summer,4826,193.23,0,519,794
2021-07-17 ,Saturday,Summer,2943,140.21,0,9680,493
2021-07-18 ,Sunday,Summer,4876,119.9,0,7272,77
2021-07-19 ,Monday,Summer,1794,123.84,0,9441,209
2021-07-20 ,Tuesday,Summer,4185,181.1,0,9054,113
2021-07-21 ,Wednesday,Summer,4974,180.52,0,594,258
2021-07-22 ,Thursday,Summer,3777,70.91,0,3472,943
2021-07-23 ,Friday,Summer,639,62.17,1,3709,811
2021-07-24 ,Saturday,Summer,3199,36.51,0,8641,261
2021-07-25 ,Sunday,Summer,3775,123.56,0,1826,360
2021-07-26 ,Monday,Summer,1504,103.68,0,7575,741
2021-07-27 ,Tuesday,Summer,4863,93.77,0,4505,441
2021-07-28 ,Wednesday,Summer,3752,111.27,0,4830,649
2021-07-29 ,Thursday,Summer,2137,43.26,0,4840,941
2021-07-30 ,Friday,Summer,1537,196.87,0,2360,665
2021-07-31 ,Saturday,Summer,1690,101.13,0,1004,591
2021-08-01 ,Sunday,Summer,4668,84.35,0,4094,200
2021-08-02 ,Monday,Summer,4250,105.76,0,4466,514
2021-08-03 ,Tuesday,Summer,1554,92.09,0,7224,581
2021-08-04 ,Wednesday,Summer,4520,38.19,0,882,69
2021-08-05 ,Thursday,Summer,4164,98.87,0,9738,775
2021-08-06 ,Friday,Summer,4476,47.83,0,6601,490
2021-08-07 ,Saturday,Summer,2456,77.51,0,8801,546
2021-08-08 ,Sunday,Summer,3222,32.6,0,1454,444
2021-08-09 ,Monday,Summer,2154,171.86,0,7064,554
2021-08-10 ,Tuesday,Summer,1955,91.7,0,1282,411
2021-08-11 ,Wednesday,Summer,1091,67.43,0,8533,176
2021-08-12 ,Thursday,Summer,810,103.45,0,8060,885
2021-08-13 ,Friday,Summer,3944,28.04,0,3606,768
2021-08-14 ,Saturday,Summer,2455,165.68,0,4441,745
2021-08-15 ,Sunday,Summer,3327,58.2,0,1156,520
2021-08-16 ,Monday,Summer,4654,169.33,0,5323,702
2021-08-17 ,Tuesday,Summer,1141,191.17,0,5535,826
2021-08-18 ,Wednesday,Summer,1284,27.32,0,3131,89
2021-08-19 ,Thursday,Summer,1758,20.32,0,6892,726
2021-08-20 ,Friday,Summer,4276,189.84,0,5250,380
2021-08-21 ,Saturday,Summer,3883,67.34,0,7417,927
2021-08-22 ,Sunday,Summer,642,89.97,0,8512,723
2021-08-23 ,Monday,Summer,3832,172.7,0,4438,826
2021-08-24 ,Tuesday,Summer,1777,74.27,0,6479,508
2021-08-25 ,Wednesday,Summer,1349,103.75,0,5648,635
2021-08-26 ,Thursday,Summer,1020,172.9,0,3507,47
2021-08-27 ,Friday,Summer,880,107.76,0,7826,274
2021-08-28 ,Saturday,Summer,4205,72.8,0,6762,660
2021-08-29 ,Sunday,Summer,3098,64.34,0,6938,876
2021-08-30 ,Monday,Summer,539,96.6,0,8161,943
2021-08-31 ,Tuesday,Summer,1315,154.9,0,1159,170
2021-09-01 ,Wednesday,Autumn,733,35.06,0,2329,157
2021-09-02 ,Thursday,Autumn,2636,67.98,0,9712,479
2021-09-03 ,Friday,Autumn,3557,136.89,0,361,230
2021-09-04 ,Saturday,Autumn,1296,71.59,0,8118,507
2021-09-05 ,Sunday,Autumn,2883,171.57,0,4029,459
2021-09-06 ,Monday,Autumn,2135,133.81,1,4104,791
2021-09-07 ,Tuesday,Autumn,3060,101.91,0,9652,872
2021-09-08 ,Wednesday,Autumn,1164,47.11,0,9410,524
2021-09-09 ,Thursday,Autumn,2426,82.62,0,8119,420
2021-09-10 ,Friday,Autumn,1932,85.15,0,8931,835
2021-09-11 ,Saturday,Autumn,1532,114.87,0,4034,716
2021-09-12 ,Sunday,Autumn,2336,30.05,0,8853,995
2021-09-13 ,Monday,Autumn,2485,66.14,0,1563,441
2021-09-14 ,Tuesday,Autumn,1597,124.84,0,5516,372
2021-09-15 ,Wednesday,Autumn,2230,54.89,0,8514,842
2021-09-16 ,Thursday,Autumn,4339,93.26,0,1661,799
2021-09-17 ,Friday,Autumn,1351,87.66,0,8888,578
2021-09-18 ,Saturday,Autumn,1668,47.06,0,8784,67
2021-09-19 ,Sunday,Autumn,2748,66.31,1,3221,336
2021-09-20 ,Monday,Autumn,3330,53.97,0,5149,56
2021-09-21 ,Tuesday,Autumn,4282,170.79,0,5432,792
2021-09-22 ,Wednesday,Autumn,3978,178.86,0,938,902
2021-09-23 ,Thursday,Autumn,2306,67.09,0,3206,893
2021-09-24 ,Friday,Autumn,1121,28.45,0,4677,347
2021-09-25 ,Saturday,Autumn,2839,144.4,0,8117,185
2021-09-26 ,Sunday,Autumn,1800,185.6,0,3510,680
2021-09-27 ,Monday,Autumn,4793,149.31,0,124,493
2021-09-28 ,Tuesday,Autumn,3311,45.91,0,5461,559
2021-09-29 ,Wednesday,Autumn,3354,156.6,0,6552,167
2021-09-30 ,Thursday,Autumn,2621,172.58,0,3318,86
2021-10-01 ,Friday,Autumn,2963,182.81,0,4955,218
2021-10-02 ,Saturday,Autumn,3386,139.83,0,9568,130
2021-10-03 ,Sunday,Autumn,1008,84.04,0,782,63
2021-10-04 ,Monday,Autumn,2439,20.58,0,3627,279
2021-10-05 ,Tuesday,Autumn,2859,63.68,0,2983,856
2021-10-06 ,Wednesday,Autumn,4945,59.26,0,5380,89
2021-10-07 ,Thursday,Autumn,1051,27.26,0,6027,812
2021-10-08 ,Friday,Autumn,2883,85.74,0,4126,451
2021-10-09 ,Saturday,Autumn,1329,146.4,0,8132,581
2021-10-10 ,Sunday,Autumn,3514,28.12,0,4726,733
2021-10-11 ,Monday,Autumn,3144,182.7,0,8853,618
2021-10-12 ,Tuesday,Autumn,2046,57.87,0,3827,870
2021-10-13 ,Wednesday,Autumn,3045,56.55,0,3314,687
2021-10-14 ,Thursday,Autumn,1104,141.3,0,1082,949
2021-10-15 ,Friday,Autumn,1392,49.15,0,5502,499
2021-10-16 ,Saturday,Autumn,755,177.76,0,7655,810
2021-10-17 ,Sunday,Autumn,2761,173.98,0,408,788
2021-10-18 ,Monday,Autumn,2554,44.06,0,379,343
2021-10-19 ,Tuesday,Autumn,1237,97.48,0,959,538
2021-10-20 ,Wednesday,Autumn,2924,66.8,0,7855,334
2021-10-21 ,Thursday,Autumn,4219,133.63,0,3382,203
2021-10-22 ,Friday,Autumn,2005,167.56,0,5216,607
2021-10-23 ,Saturday,Autumn,4907,135.98,0,4056,138
2021-10-24 ,Sunday,Autumn,3794,170.4,0,9375,531
2021-10-25 ,Monday,Autumn,2654,172.98,0,4612,185
2021-10-26 ,Tuesday,Autumn,1090,183.82,0,2402,504
2021-10-27 ,Wednesday,Autumn,1268,86.28,1,7494,831
2021-10-28 ,Thursday,Autumn,1031,185.07,1,1539,984
2021-10-29 ,Friday,Autumn,2142,73.99,0,1260,639
2021-10-30 ,Saturday,Autumn,1311,188.41,0,2153,603
2021-10-31 ,Sunday,Autumn,604,23.05,0,8175,229
2021-11-01 ,Monday,Autumn,2158,163.94,0,8029,399
2021-11-02 ,Tuesday,Autumn,2751,26,0,1878,116
2021-11-03 ,Wednesday,Autumn,3093,175.18,0,9627,754
2021-11-04 ,Thursday,Autumn,594,152.89,0,2031,664
2021-11-05 ,Friday,Autumn,1478,117.09,0,9342,497
2021-11-06 ,Saturday,Autumn,3329,182.57,0,8743,531
2021-11-07 ,Sunday,Autumn,1180,111.96,0,7313,212
2021-11-08 ,Monday,Autumn,1453,77.98,0,1684,609
2021-11-09 ,Tuesday,Autumn,4129,103.36,0,1036,951
2021-11-10 ,Wednesday,Autumn,1660,40,0,940,272
2021-11-11 ,Thursday,Autumn,4812,105.05,0,1265,232
2021-11-12 ,Friday,Autumn,3198,176.19,0,7792,417
2021-11-13 ,Saturday,Autumn,3372,130.35,0,7291,341
2021-11-14 ,Sunday,Autumn,3476,39.58,0,3065,580
2021-11-15 ,Monday,Autumn,1718,33.4,0,5409,466
2021-11-16 ,Tuesday,Autumn,1894,87.89,0,3045,799
2021-11-17 ,Wednesday,Autumn,4814,192.22,0,6312,268
2021-11-18 ,Thursday,Autumn,569,155.1,0,3896,200
2021-11-19 ,Friday,Autumn,2748,177.17,0,9924,532
2021-11-20 ,Saturday,Autumn,2196,125.11,0,3129,101
2021-11-21 ,Sunday,Autumn,3189,56.26,0,7275,425
2021-11-22 ,Monday,Autumn,2330,52.55,0,2556,989
2021-11-23 ,Tuesday,Autumn,3111,92.68,0,4017,233
2021-11-24 ,Wednesday,Autumn,1123,180.16,0,1051,510
2021-11-25 ,Thursday,Autumn,870,175.64,0,422,541
2021-11-26 ,Friday,Autumn,2659,137.75,0,7755,473
2021-11-27 ,Saturday,Autumn,1852,100.21,0,2039,984
2021-11-28 ,Sunday,Autumn,4807,81.52,0,6623,145
2021-11-29 ,Monday,Autumn,2710,185.23,0,1245,428
2021-11-30 ,Tuesday,Autumn,4327,94.31,0,2544,674
2021-12-01 ,Wednesday,Winter,4394,188.55,0,5658,571
2021-12-02 ,Thursday,Winter,656,77.73,0,6665,263
2021-12-03 ,Friday,Winter,3235,93.57,0,6700,796
2021-12-04 ,Saturday,Winter,4019,99.39,0,5912,379
2021-12-05 ,Sunday,Winter,2900,193.31,0,5040,400
2021-12-06 ,Monday,Winter,4744,75.87,0,9490,664
2021-12-07 ,Tuesday,Winter,3705,28.4,0,1905,798
2021-12-08 ,Wednesday,Winter,3631,141.43,0,9629,369
2021-12-09 ,Thursday,Winter,2898,123.57,0,9713,616
2021-12-10 ,Friday,Winter,1954,192.17,0,8610,156
2021-12-11 ,Saturday,Winter,2401,104.16,0,3684,927
2021-12-12 ,Sunday,Winter,1556,72.76,0,7128,318
2021-12-13 ,Monday,Winter,800,172.26,0,4431,209
2021-12-14 ,Tuesday,Winter,3683,198.87,0,6822,60
2021-12-15 ,Wednesday,Winter,1919,61.29,0,8555,866
2021-12-16 ,Thursday,Winter,3578,110.59,0,6819,768
2021-12-17 ,Friday,Winter,3800,196.12,0,6167,191
2021-12-18 ,Saturday,Winter,854,174.78,0,1972,948
2021-12-19 ,Sunday,Winter,1140,180.32,0,4355,530
2021-12-20 ,Monday,Winter,2737,165.14,0,4668,153
2021-12-21 ,Tuesday,Winter,4547,97.48,0,5219,843
2021-12-22 ,Wednesday,Winter,2006,74,0,1747,726
2021-12-23 ,Thursday,Winter,577,75.3,1,8254,440
2021-12-24 ,Friday,Winter,3418,175.5,0,1307,93
2021-12-25 ,Saturday,Winter,4871,133.68,0,3121,686
2021-12-26 ,Sunday,Winter,2417,178.37,0,9618,691
2021-12-27 ,Monday,Winter,2889,124.68,0,8734,817
2021-12-28 ,Tuesday,Winter,3666,23.09,0,6070,638
2021-12-29 ,Wednesday,Winter,584,154.34,0,5810,624
2021-12-30 ,Thursday,Winter,2776,101.02,0,4845,65
2021-12-31 ,Friday,Winter,3104,133.12,0,4786,661
2022-01-01 ,Saturday,Winter,2862,77.95,1,6083,671
2022-01-02 ,Sunday,Winter,2526,66.14,0,3321,592
2022-01-03 ,Monday,Winter,4822,49.39,0,6890,633
2022-01-04 ,Tuesday,Winter,3135,26.63,0,1550,186
2022-01-05 ,Wednesday,Winter,4152,63.73,0,9624,433
2022-01-06 ,Thursday,Winter,2950,25.75,0,1778,465
2022-01-07 ,Friday,Winter,707,31.52,0,4166,994
2022-01-08 ,Saturday,Winter,3086,125.21,0,4455,634
2022-01-09 ,Sunday,Winter,4353,158.12,0,2714,598
2022-01-10 ,Monday,Winter,3333,102.13,0,2411,986
2022-01-11 ,Tuesday,Winter,4457,44.38,0,3505,360
2022-01-12 ,Wednesday,Winter,4870,30.87,0,6040,603
2022-01-13 ,Thursday,Winter,2609,172.8,0,7561,583
2022-01-14 ,Friday,Winter,1951,106.36,0,7923,707
2022-01-15 ,Saturday,Winter,1920,143.25,0,6032,291
2022-01-16 ,Sunday,Winter,1461,134.79,0,5166,131
2022-01-17 ,Monday,Winter,758,21.34,0,2423,806
2022-01-18 ,Tuesday,Winter,3583,104.64,0,3800,168
2022-01-19 ,Wednesday,Winter,2063,124.99,0,3545,795
2022-01-20 ,Thursday,Winter,835,133.19,0,9832,42
2022-01-21 ,Friday,Winter,3910,116.69,0,5121,685
2022-01-22 ,Saturday,Winter,2422,68.23,0,3706,402
2022-01-23 ,Sunday,Winter,4001,137.47,0,5677,289
2022-01-24 ,Monday,Winter,4503,182.52,0,8863,258
2022-01-25 ,Tuesday,Winter,3680,161.19,0,8491,277
2022-01-26 ,Wednesday,Winter,978,28.23,0,4966,299
2022-01-27 ,Thursday,Winter,3759,89.44,0,2053,194
2022-01-28 ,Friday,Winter,2056,73.84,0,3463,747
2022-01-29 ,Saturday,Winter,1572,157.69,1,4345,899
2022-01-30 ,Sunday,Winter,1414,114.2,0,4489,463
2022-01-31 ,Monday,Winter,3701,150.82,0,6844,73
2022-02-01 ,Tuesday,Winter,1419,115.63,0,2084,861
2022-02-02 ,Wednesday,Winter,1274,80.39,0,8634,909
2022-02-03 ,Thursday,Winter,3633,104.69,0,2597,198
2022-02-04 ,Friday,Winter,3315,165.96,0,3121,200
2022-02-05 ,Saturday,Winter,550,194.26,0,990,52
2022-02-06 ,Sunday,Winter,2551,79.47,0,9679,727
2022-02-07 ,Monday,Winter,2486,72.21,0,2547,219
2022-02-08 ,Tuesday,Winter,3289,184.91,0,1863,829
2022-02-09 ,Wednesday,Winter,1526,175.17,0,3648,339
2022-02-10 ,Thursday,Winter,1006,35.32,0,2803,105
2022-02-11 ,Friday,Winter,823,84.37,0,6992,984
2022-02-12 ,Saturday,Winter,2272,171.78,0,7627,100
2022-02-13 ,Sunday,Winter,2322,73.3,0,8676,653
2022-02-14 ,Monday,Winter,4624,60.82,0,8873,348
2022-02-15 ,Tuesday,Winter,814,70.14,0,4637,492
2022-02-16 ,Wednesday,Winter,2822,158.39,0,9070,630
2022-02-17 ,Thursday,Winter,1469,56.67,0,5279,337
2022-02-18 ,Friday,Winter,2795,22.72,0,5985,424
2022-02-19 ,Saturday,Winter,562,46.13,0,3282,444
2022-02-20 ,Sunday,Winter,4928,166.45,0,3249,107
2022-02-21 ,Monday,Winter,4594,23.61,0,894,368
2022-02-22 ,Tuesday,Winter,1152,199.84,0,7495,826
2022-02-23 ,Wednesday,Winter,3842,138.01,0,6374,505
2022-02-24 ,Thursday,Winter,1626,190.78,1,9323,402
2022-02-25 ,Friday,Winter,1252,71.52,0,6448,915
2022-02-26 ,Saturday,Winter,1759,181.23,0,1419,501
2022-02-27 ,Sunday,Winter,1405,84.34,0,6857,687
2022-02-28 ,Monday,Winter,4779,169.77,0,5556,277
2022-03-01 ,Tuesday,Spring,3621,144.17,0,5197,11
2022-03-02 ,Wednesday,Spring,3862,118.7,0,303,92
2022-03-03 ,Thursday,Spring,4472,137.08,0,7542,151
2022-03-04 ,Friday,Spring,1169,140.66,0,6082,407
2022-03-05 ,Saturday,Spring,3186,143.2,0,7173,556
2022-03-06 ,Sunday,Spring,4966,104.89,0,6662,87
2022-03-07 ,Monday,Spring,888,100.94,0,545,634
2022-03-08 ,Tuesday,Spring,1882,33.8,0,7269,19
2022-03-09 ,Wednesday,Spring,3030,180.11,0,8250,148
2022-03-10 ,Thursday,Spring,1500,109.82,0,7874,812
2022-03-11 ,Friday,Spring,1042,122.23,0,229,253
2022-03-12 ,Saturday,Spring,2983,84.96,0,7209,412
2022-03-13 ,Sunday,Spring,4776,122.84,0,9726,857
2022-03-14 ,Monday,Spring,812,108.41,1,9984,284
2022-03-15 ,Tuesday,Spring,4755,82.89,0,5528,922
2022-03-16 ,Wednesday,Spring,1940,39.59,0,8424,490
2022-03-17 ,Thursday,Spring,1983,146.1,0,4525,758
2022-03-18 ,Friday,Spring,4806,124.05,0,3207,581
2022-03-19 ,Saturday,Spring,3777,24.81,0,2413,895
2022-03-20 ,Sunday,Spring,2247,154.15,0,9656,47
2022-03-21 ,Monday,Spring,4470,89.56,0,5971,156
2022-03-22 ,Tuesday,Spring,2724,71.71,0,2289,153
2022-03-23 ,Wednesday,Spring,1360,187.81,0,2644,759
2022-03-24 ,Thursday,Spring,3061,55.1,0,5910,717
2022-03-25 ,Friday,Spring,1434,51.62,0,9994,734
2022-03-26 ,Saturday,Spring,4637,28.66,0,4928,629
2022-03-27 ,Sunday,Spring,1941,194.92,0,2497,333
2022-03-28 ,Monday,Spring,530,95.68,0,6735,438
2022-03-29 ,Tuesday,Spring,1377,136.35,0,1916,275
2022-03-30 ,Wednesday,Spring,1933,184.9,1,5004,904
2022-03-31 ,Thursday,Spring,825,36.19,0,529,187
2022-04-01 ,Friday,Spring,2001,191.76,0,4769,221
2022-04-02 ,Saturday,Spring,4150,166.44,0,1896,132
2022-04-03 ,Sunday,Spring,963,50.6,0,6967,323
2022-04-04 ,Monday,Spring,3938,122.7,0,763,179
2022-04-05 ,Tuesday,Spring,4641,191.37,0,1146,413
2022-04-06 ,Wednesday,Spring,4274,142.69,0,5752,713
2022-04-07 ,Thursday,Spring,4500,188.41,0,4157,155
2022-04-08 ,Friday,Spring,4255,148.28,0,7458,583
2022-04-09 ,Saturday,Spring,3312,128.03,0,5205,844
2022-04-10 ,Sunday,Spring,3868,30.3,0,7885,572
2022-04-11 ,Monday,Spring,1528,68.59,0,7252,437
2022-04-12 ,Tuesday,Spring,2500,146.31,0,7223,13
2022-04-13 ,Wednesday,Spring,4693,92.17,0,7132,618
2022-04-14 ,Thursday,Spring,2964,88.14,0,8092,683
2022-04-15 ,Friday,Spring,1489,140.34,0,4402,40
2022-04-16 ,Saturday,Spring,2583,26.93,0,5362,164
2022-04-17 ,Sunday,Spring,1432,95.43,0,6420,363
2022-04-18 ,Monday,Spring,3741,90.29,0,5495,201
2022-04-19 ,Tuesday,Spring,930,45.74,0,9652,262
2022-04-20 ,Wednesday,Spring,2267,62.28,0,1393,182
2022-04-21 ,Thursday,Spring,1998,79.34,0,3451,693
2022-04-22 ,Friday,Spring,4362,94.46,0,4010,302
2022-04-23 ,Saturday,Spring,2055,140.65,0,3696,787
2022-04-24 ,Sunday,Spring,1845,131.18,0,8459,109
2022-04-25 ,Monday,Spring,3939,112.16,0,7971,988
2022-04-26 ,Tuesday,Spring,4477,49.2,0,3859,314
2022-04-27 ,Wednesday,Spring,1975,150.73,0,2561,333
2022-04-28 ,Thursday,Spring,3657,51.82,0,7399,32
2022-04-29 ,Friday,Spring,3566,175.94,0,4381,912
2022-04-30 ,Saturday,Spring,2533,164.57,0,8764,682
2022-05-01 ,Sunday,Spring,2039,20.44,0,4206,934
2022-05-02 ,Monday,Spring,911,145.21,0,749,524
2022-05-03 ,Tuesday,Spring,1105,94.4,0,8296,417
2022-05-04 ,Wednesday,Spring,1222,65.9,1,3239,331
2022-05-05 ,Thursday,Spring,4183,27.16,0,548,173
2022-05-06 ,Friday,Spring,2601,157.47,0,1814,959
2022-05-07 ,Saturday,Spring,4991,115.54,1,7421,396
2022-05-08 ,Sunday,Spring,2893,60.8,0,8957,444
2022-05-09 ,Monday,Spring,4760,159.9,0,4374,155
2022-05-10 ,Tuesday,Spring,1190,101.13,0,2211,311
2022-05-11 ,Wednesday,Spring,1113,134.9,0,340,811
2022-05-12 ,Thursday,Spring,4113,81.57,0,4201,321
2022-05-13 ,Friday,Spring,2091,150.87,0,4507,742
2022-05-14 ,Saturday,Spring,2535,61.67,0,2449,430
2022-05-15 ,Sunday,Spring,3263,119.43,0,6946,404
2022-05-16 ,Monday,Spring,2756,112.15,0,992,829
2022-05-17 ,Tuesday,Spring,1726,97.2,0,6724,618
2022-05-18 ,Wednesday,Spring,4493,126.68,0,7622,204
2022-05-19 ,Thursday,Spring,687,173.81,0,5958,304
2022-05-20 ,Friday,Spring,4986,53.38,0,9738,521
2022-05-21 ,Saturday,Spring,4738,126.96,0,6562,23
2022-05-22 ,Sunday,Spring,1785,116.82,0,2740,214
2022-05-23 ,Monday,Spring,2091,157.36,0,9672,803
2022-05-24 ,Tuesday,Spring,3532,93.44,1,5492,850
2022-05-25 ,Wednesday,Spring,2961,137.04,0,9487,677
2022-05-26 ,Thursday,Spring,1854,156.11,0,2577,247
2022-05-27 ,Friday,Spring,3104,38.51,0,8809,490
2022-05-28 ,Saturday,Spring,3720,151.54,0,6313,449
2022-05-29 ,Sunday,Spring,4894,60.85,1,8391,12
2022-05-30 ,Monday,Spring,619,148.58,0,1729,273
2022-05-31 ,Tuesday,Spring,1070,70.64,0,7350,865
2022-06-01 ,Wednesday,Summer,4015,192.38,0,9070,189
2022-06-02 ,Thursday,Summer,558,196.42,0,2939,895
2022-06-03 ,Friday,Summer,4932,170.77,0,4948,890
2022-06-04 ,Saturday,Summer,887,193.04,0,7282,656
2022-06-05 ,Sunday,Summer,653,23.81,0,4679,532
2022-06-06 ,Monday,Summer,4893,194.43,0,2455,682
2022-06-07 ,Tuesday,Summer,1840,168.47,0,693,339
2022-06-08 ,Wednesday,Summer,3270,159.85,0,9610,769
2022-06-09 ,Thursday,Summer,4361,63.57,1,9312,355
2022-06-10 ,Friday,Summer,3889,25.67,0,5870,390
2022-06-11 ,Saturday,Summer,2534,92.85,0,3279,827
2022-06-12 ,Sunday,Summer,3476,121.7,0,9494,113
2022-06-13 ,Monday,Summer,662,125.61,0,9931,674
2022-06-14 ,Tuesday,Summer,4135,84.91,0,2830,751
2022-06-15 ,Wednesday,Summer,2908,48.57,0,4316,403
2022-06-16 ,Thursday,Summer,4147,121.68,0,8578,746
2022-06-17 ,Friday,Summer,632,58.3,0,9736,43
2022-06-18 ,Saturday,Summer,1716,187.58,0,1808,531
2022-06-19 ,Sunday,Summer,3877,140.42,0,7033,463
2022-06-20 ,Monday,Summer,3313,84.26,0,2770,660
2022-06-21 ,Tuesday,Summer,4371,44.55,0,7240,533
2022-06-22 ,Wednesday,Summer,922,49.72,0,7767,285
2022-06-23 ,Thursday,Summer,2015,193.47,0,7102,71
2022-06-24 ,Friday,Summer,572,53.74,0,8927,485
2022-06-25 ,Saturday,Summer,2945,83.5,0,6437,990
2022-06-26 ,Sunday,Summer,701,108.66,0,3884,461
2022-06-27 ,Monday,Summer,1522,183.85,0,227,369
2022-06-28 ,Tuesday,Summer,2820,75.59,0,5548,858
2022-06-29 ,Wednesday,Summer,3123,97.26,0,5641,916
2022-06-30 ,Thursday,Summer,3429,26.06,0,2032,393
2022-07-01 ,Friday,Summer,3369,182.8,0,7613,13
2022-07-02 ,Saturday,Summer,3741,106.62,1,3245,834
2022-07-03 ,Sunday,Summer,4079,137.98,0,1993,906
2022-07-04 ,Monday,Summer,4914,115.09,0,7727,344
2022-07-05 ,Tuesday,Summer,2175,116.36,0,6877,655
2022-07-06 ,Wednesday,Summer,2532,164.8,1,4910,723
2022-07-07 ,Thursday,Summer,1308,56.44,0,2582,673
2022-07-08 ,Friday,Summer,1711,121.25,0,5971,556
2022-07-09 ,Saturday,Summer,4571,170.67,0,3105,429
2022-07-10 ,Sunday,Summer,4876,193.08,0,7985,973
2022-07-11 ,Monday,Summer,1492,74.28,0,1595,770
2022-07-12 ,Tuesday,Summer,2999,189.86,0,1810,251
2022-07-13 ,Wednesday,Summer,1514,184.54,0,4162,687
2022-07-14 ,Thursday,Summer,1795,72.26,0,274,354
2022-07-15 ,Friday,Summer,1699,172.09,0,9035,114
2022-07-16 ,Saturday,Summer,1081,30.5,0,8225,557
2022-07-17 ,Sunday,Summer,3412,38.98,0,4359,740
2022-07-18 ,Monday,Summer,3378,29.49,0,4946,805
2022-07-19 ,Tuesday,Summer,775,44.4,0,4866,184
2022-07-20 ,Wednesday,Summer,1820,43.4,0,5177,505
2022-07-21 ,Thursday,Summer,4062,135.59,0,6430,337
2022-07-22 ,Friday,Summer,1148,104.55,0,258,743
2022-07-23 ,Saturday,Summer,2312,72.86,0,4377,657
2022-07-24 ,Sunday,Summer,4513,136,1,8346,826
2022-07-25 ,Monday,Summer,3917,83.24,0,816,146
2022-07-26 ,Tuesday,Summer,1969,195.07,0,2328,281
2022-07-27 ,Wednesday,Summer,834,190.9,0,1656,25
2022-07-28 ,Thursday,Summer,4030,50.31,0,732,555
2022-07-29 ,Friday,Summer,3363,171.72,0,8102,552
2022-07-30 ,Saturday,Summer,4725,70.08,0,9522,974
2022-07-31 ,Sunday,Summer,2981,133.59,0,3067,562
2022-08-01 ,Monday,Summer,3414,85.93,0,4801,711
2022-08-02 ,Tuesday,Summer,1771,141.56,0,8390,945
2022-08-03 ,Wednesday,Summer,3118,169.9,0,3180,871
2022-08-04 ,Thursday,Summer,3641,127.93,0,1738,192
2022-08-05 ,Friday,Summer,1183,168.71,0,9655,234
2022-08-06 ,Saturday,Summer,2717,131.73,0,5022,313
2022-08-07 ,Sunday,Summer,4306,72.1,0,9679,204
2022-08-08 ,Monday,Summer,2491,175.51,0,976,806
2022-08-09 ,Tuesday,Summer,4930,42.06,0,1777,673
2022-08-10 ,Wednesday,Summer,2655,146.22,0,2631,589
2022-08-11 ,Thursday,Summer,3167,150.38,0,5818,500
2022-08-12 ,Friday,Summer,1206,47.58,0,296,523
2022-08-13 ,Saturday,Summer,2056,103.78,0,1223,728
2022-08-14 ,Sunday,Summer,2757,97.04,0,7452,325
2022-08-15 ,Monday,Summer,4331,150.8,0,3419,878
2022-08-16 ,Tuesday,Summer,1965,69.9,0,812,544
2022-08-17 ,Wednesday,Summer,1305,92.63,0,7978,44
2022-08-18 ,Thursday,Summer,3170,101.51,0,3253,919
2022-08-19 ,Friday,Summer,1769,177.7,0,9964,352
2022-08-20 ,Saturday,Summer,2925,103.81,0,7941,264
2022-08-21 ,Sunday,Summer,4134,29.51,0,9740,155
2022-08-22 ,Monday,Summer,2260,153.97,0,2697,209
2022-08-23 ,Tuesday,Summer,2803,34.41,0,8649,406
2022-08-24 ,Wednesday,Summer,2348,66.01,0,7135,725
2022-08-25 ,Thursday,Summer,3204,102.75,0,468,737
2022-08-26 ,Friday,Summer,2764,83.19,0,912,876
2022-08-27 ,Saturday,Summer,3434,78.21,0,7042,244
2022-08-28 ,Sunday,Summer,3105,162.28,0,928,556
2022-08-29 ,Monday,Summer,3085,143.36,0,3426,546
2022-08-30 ,Tuesday,Summer,923,141.98,0,1226,373
2022-08-31 ,Wednesday,Summer,2735,176.29,1,4386,207
2022-09-01 ,Thursday,Autumn,2038,188.47,0,8232,231
2022-09-02 ,Friday,Autumn,3368,62.57,0,7829,338
2022-09-03 ,Saturday,Autumn,4480,180.59,0,1333,909
2022-09-04 ,Sunday,Autumn,1287,195.54,0,2760,471
2022-09-05 ,Monday,Autumn,2817,143.35,0,1114,404
2022-09-06 ,Tuesday,Autumn,694,53.32,1,7999,961
2022-09-07 ,Wednesday,Autumn,2510,73.69,0,2817,61
2022-09-08 ,Thursday,Autumn,4815,158.23,0,2885,14
2022-09-09 ,Friday,Autumn,1637,24.9,0,177,137
2022-09-10 ,Saturday,Autumn,3921,106.18,0,1494,464
2022-09-11 ,Sunday,Autumn,1644,52.8,0,1133,557
2022-09-12 ,Monday,Autumn,1495,195.05,0,5357,763
2022-09-13 ,Tuesday,Autumn,1333,36.24,0,6555,766
2022-09-14 ,Wednesday,Autumn,3614,79.59,0,1149,213
2022-09-15 ,Thursday,Autumn,1115,111.26,0,4023,257
2022-09-16 ,Friday,Autumn,3977,190.91,0,1578,670
2022-09-17 ,Saturday,Autumn,509,88.55,0,6138,99
2022-09-18 ,Sunday,Autumn,2534,89.76,1,666,141
2022-09-19 ,Monday,Autumn,3880,126.96,0,5942,661
2022-09-20 ,Tuesday,Autumn,3275,106.36,0,5082,730
2022-09-21 ,Wednesday,Autumn,943,113.18,0,3014,134
2022-09-22 ,Thursday,Autumn,3211,25.03,0,1040,974
2022-09-23 ,Friday,Autumn,2652,75.84,0,9599,811
2022-09-24 ,Saturday,Autumn,2292,132.81,0,7446,652
2022-09-25 ,Sunday,Autumn,1153,100.13,0,9587,540
2022-09-26 ,Monday,Autumn,4455,154.52,0,2722,652
2022-09-27 ,Tuesday,Autumn,3831,72.42,0,7427,725
2022-09-28 ,Wednesday,Autumn,4256,44.46,0,1383,849
2022-09-29 ,Thursday,Autumn,1772,117.12,0,9020,585
2022-09-30 ,Friday,Autumn,2313,178.35,0,8580,48
2022-10-01 ,Saturday,Autumn,4889,27.62,0,3562,10
2022-10-02 ,Sunday,Autumn,612,197.37,0,4002,306
2022-10-03 ,Monday,Autumn,2002,69.82,0,4009,612
2022-10-04 ,Tuesday,Autumn,906,137.32,0,301,946
2022-10-05 ,Wednesday,Autumn,4442,125.31,0,183,764
2022-10-06 ,Thursday,Autumn,2904,25.33,0,6746,521
2022-10-07 ,Friday,Autumn,831,151.75,0,8914,301
2022-10-08 ,Saturday,Autumn,3714,93.96,1,270,211
2022-10-09 ,Sunday,Autumn,4174,24,0,8024,515
2022-10-10 ,Monday,Autumn,3749,173.4,0,3070,853
2022-10-11 ,Tuesday,Autumn,1459,116.28,0,6069,256
2022-10-12 ,Wednesday,Autumn,3944,67.1,0,3579,127
2022-10-13 ,Thursday,Autumn,2954,131.56,0,9258,623
2022-10-14 ,Friday,Autumn,1200,59.36,0,4734,652
2022-10-15 ,Saturday,Autumn,665,103.63,0,1420,54
2022-10-16 ,Sunday,Autumn,1359,150.02,0,659,438
2022-10-17 ,Monday,Autumn,4207,182.96,1,2481,371
2022-10-18 ,Tuesday,Autumn,1821,131.15,0,2379,36
2022-10-19 ,Wednesday,Autumn,3640,100.04,0,9825,57
2022-10-20 ,Thursday,Autumn,4325,195.7,0,9804,800
2022-10-21 ,Friday,Autumn,4930,137.26,0,5648,191
2022-10-22 ,Saturday,Autumn,2210,151.33,0,124,759
2022-10-23 ,Sunday,Autumn,4483,65.23,0,8546,762
2022-10-24 ,Monday,Autumn,4687,47.51,0,1948,981
2022-10-25 ,Tuesday,Autumn,1114,113,0,6097,75
2022-10-26 ,Wednesday,Autumn,4522,150.97,0,6864,618
2022-10-27 ,Thursday,Autumn,3285,38.29,0,9286,972
2022-10-28 ,Friday,Autumn,1965,157.53,0,6103,714
2022-10-29 ,Saturday,Autumn,2986,181.23,0,9348,127
2022-10-30 ,Sunday,Autumn,3466,177.63,0,7663,976
2022-10-31 ,Monday,Autumn,4349,110.84,0,4264,471
2022-11-01 ,Tuesday,Autumn,4522,40.95,0,9185,366
2022-11-02 ,Wednesday,Autumn,3872,26.96,0,1005,555
2022-11-03 ,Thursday,Autumn,1515,61.11,0,760,666
2022-11-04 ,Friday,Autumn,3854,35.76,0,8082,703
2022-11-05 ,Saturday,Autumn,554,158.1,0,5901,270
2022-11-06 ,Sunday,Autumn,3237,193.76,0,3640,722
2022-11-07 ,Monday,Autumn,1261,185.64,0,3182,894
2022-11-08 ,Tuesday,Autumn,3071,170.38,0,8827,278
2022-11-09 ,Wednesday,Autumn,1272,39.51,0,4971,465
2022-11-10 ,Thursday,Autumn,3085,189.44,0,5822,885
2022-11-11 ,Friday,Autumn,4816,43.55,0,4123,72
2022-11-12 ,Saturday,Autumn,4366,112.97,0,3535,522
2022-11-13 ,Sunday,Autumn,2312,52.88,0,7347,294
2022-11-14 ,Monday,Autumn,4008,158.82,0,1129,501
2022-11-15 ,Tuesday,Autumn,4223,60.43,0,8742,106
2022-11-16 ,Wednesday,Autumn,4179,153.98,0,5298,422
2022-11-17 ,Thursday,Autumn,1439,190.17,0,1608,784
2022-11-18 ,Friday,Autumn,4937,29.22,0,9248,502
2022-11-19 ,Saturday,Autumn,1940,113.76,0,9907,834
2022-11-20 ,Sunday,Autumn,4118,25.09,0,3909,740
2022-11-21 ,Monday,Autumn,2914,109.63,0,5995,553
2022-11-22 ,Tuesday,Autumn,3424,28.24,0,8966,261
2022-11-23 ,Wednesday,Autumn,4185,42.06,0,6976,125
2022-11-24 ,Thursday,Autumn,4846,123.52,0,7732,951
2022-11-25 ,Friday,Autumn,1727,21.58,0,1671,899
2022-11-26 ,Saturday,Autumn,3286,177.75,0,3892,863
2022-11-27 ,Sunday,Autumn,3916,39.72,0,8006,178
2022-11-28 ,Monday,Autumn,3802,118.55,0,1775,942
2022-11-29 ,Tuesday,Autumn,3439,94.45,0,4043,197
2022-11-30 ,Wednesday,Autumn,2583,114.89,0,3075,350
2022-12-01 ,Thursday,Winter,4973,162.92,0,626,13
2022-12-02 ,Friday,Winter,4444,126.03,0,4224,667
2022-12-03 ,Saturday,Winter,1512,155.12,0,4565,283
2022-12-04 ,Sunday,Winter,4439,162.84,0,3662,49
2022-12-05 ,Monday,Winter,4363,156.79,0,4752,283
2022-12-06 ,Tuesday,Winter,4468,155.52,0,2727,350
2022-12-07 ,Wednesday,Winter,932,80.41,0,558,608
2022-12-08 ,Thursday,Winter,1092,32.62,0,3066,165
2022-12-09 ,Friday,Winter,962,52.75,0,9093,342
2022-12-10 ,Saturday,Winter,2946,164.71,0,4532,521
2022-12-11 ,Sunday,Winter,614,194.64,0,866,122
2022-12-12 ,Monday,Winter,536,106.64,0,7444,732
2022-12-13 ,Tuesday,Winter,2585,164.95,0,7340,940
2022-12-14 ,Wednesday,Winter,1730,39.97,0,4841,151
2022-12-15 ,Thursday,Winter,3611,88.74,0,6928,131
2022-12-16 ,Friday,Winter,1258,90.89,0,9285,640
2022-12-17 ,Saturday,Winter,1573,61.36,0,5781,625
2022-12-18 ,Sunday,Winter,2952,153.06,0,1367,952
2022-12-19 ,Monday,Winter,3379,32.15,0,3354,383
2022-12-20 ,Tuesday,Winter,1385,194.01,0,824,958
2022-12-21 ,Wednesday,Winter,4109,179.49,0,9092,942
2022-12-22 ,Thursday,Winter,3265,176.17,0,660,132
2022-12-23 ,Friday,Winter,3771,121.94,0,1504,190
2022-12-24 ,Saturday,Winter,659,136.56,0,9211,68
2022-12-25 ,Sunday,Winter,4415,130.26,0,2402,982
2022-12-26 ,Monday,Winter,4885,196.92,0,4162,692
2022-12-27 ,Tuesday,Winter,1579,183.43,0,815,904
2022-12-28 ,Wednesday,Winter,2649,181.09,0,4577,726
2022-12-29 ,Thursday,Winter,2992,188.6,0,2464,905
2022-12-30 ,Friday,Winter,2813,59.59,0,7528,692
2022-12-31 ,Saturday,Winter,4389,135.93,0,9667,138
2023-01-01 ,Sunday,Winter,4323,160.68,0,1735,630
2023-01-02 ,Monday,Winter,4565,137.25,0,8066,547
2023-01-03 ,Tuesday,Winter,3941,66.16,1,2259,406
2023-01-04 ,Wednesday,Winter,1957,101.32,0,4342,340
2023-01-05 ,Thursday,Winter,3651,165.29,0,2212,442
2023-01-06 ,Friday,Winter,4795,82.51,0,1915,321
2023-01-07 ,Saturday,Winter,4602,73.01,0,842,880
2023-01-08 ,Sunday,Winter,4845,135.81,0,3123,15
2023-01-09 ,Monday,Winter,3569,187.82,0,6424,118
2023-01-10 ,Tuesday,Winter,3829,196.89,0,7274,111
2023-01-11 ,Wednesday,Winter,1692,29.46,0,7871,112
2023-01-12 ,Thursday,Winter,2903,189.26,0,8419,929
2023-01-13 ,Friday,Winter,3516,62.43,0,2674,605
2023-01-14 ,Saturday,Winter,2680,193.86,1,9168,917
2023-01-15 ,Sunday,Winter,4162,192.02,0,4114,102
2023-01-16 ,Monday,Winter,3448,192.59,0,8539,249
2023-01-17 ,Tuesday,Winter,3612,177.27,0,2299,790
2023-01-18 ,Wednesday,Winter,3382,99.55,0,5502,406
2023-01-19 ,Thursday,Winter,2475,179.79,0,6529,856
2023-01-20 ,Friday,Winter,1459,113.73,0,2205,63
2023-01-21 ,Saturday,Winter,931,66.43,0,6523,236
2023-01-22 ,Sunday,Winter,3910,172.7,0,6081,921
2023-01-23 ,Monday,Winter,3605,90.98,0,8185,578
2023-01-24 ,Tuesday,Winter,2923,34.69,0,3738,101
2023-01-25 ,Wednesday,Winter,3930,84.47,0,3842,266
2023-01-26 ,Thursday,Winter,4244,38.4,0,7477,838
2023-01-27 ,Friday,Winter,3949,53.97,0,7779,390
2023-01-28 ,Saturday,Winter,909,29.58,0,6279,969
2023-01-29 ,Sunday,Winter,2820,47.21,0,2209,954
2023-01-30 ,Monday,Winter,1538,103.21,0,5508,176
2023-01-31 ,Tuesday,Winter,3734,51.94,0,7241,225
2023-02-01 ,Wednesday,Winter,4727,131.07,0,2084,778
2023-02-02 ,Thursday,Winter,1313,169.36,0,3432,404
2023-02-03 ,Friday,Winter,2204,66.69,0,8019,161
2023-02-04 ,Saturday,Winter,1715,165.39,0,4417,553
2023-02-05 ,Sunday,Winter,1849,192.73,0,7727,91
2023-02-06 ,Monday,Winter,761,126.04,0,7072,753
2023-02-07 ,Tuesday,Winter,1525,124.9,0,7590,706
2023-02-08 ,Wednesday,Winter,2862,120.49,0,3107,230
2023-02-09 ,Thursday,Winter,935,20.69,0,2978,713
2023-02-10 ,Friday,Winter,1393,59.05,0,7340,269
2023-02-11 ,Saturday,Winter,1039,122.64,0,2063,605
2023-02-12 ,Sunday,Winter,4564,82.69,0,910,349
2023-02-13 ,Monday,Winter,1891,65.67,0,1740,241
2023-02-14 ,Tuesday,Winter,4429,107.13,0,4621,454
2023-02-15 ,Wednesday,Winter,3540,54.69,0,6460,533
2023-02-16 ,Thursday,Winter,2543,68.92,0,5317,58
2023-02-17 ,Friday,Winter,3009,192.19,0,8902,880
2023-02-18 ,Saturday,Winter,2846,199.24,0,6385,330
2023-02-19 ,Sunday,Winter,1057,97.2,0,8069,801
2023-02-20 ,Monday,Winter,1866,181.47,0,3941,821
2023-02-21 ,Tuesday,Winter,929,24.14,0,3115,613
2023-02-22 ,Wednesday,Winter,4917,161.46,0,5054,539
2023-02-23 ,Thursday,Winter,4167,194.99,0,2908,474
2023-02-24 ,Friday,Winter,4025,161.66,0,2234,85
2023-02-25 ,Saturday,Winter,2491,140.18,1,9324,701
2023-02-26 ,Sunday,Winter,3449,78.1,0,5441,271
2023-02-27 ,Monday,Winter,3848,136.62,0,7211,415
2023-02-28 ,Tuesday,Winter,4942,104.22,0,6897,303
2023-03-01 ,Wednesday,Spring,1850,28.27,0,6562,537
2023-03-02 ,Thursday,Spring,2046,163.72,0,627,105
2023-03-03 ,Friday,Spring,3564,141.8,0,3200,556
2023-03-04 ,Saturday,Spring,3489,122.97,0,946,639
2023-03-05 ,Sunday,Spring,3277,68.65,0,9713,506
2023-03-06 ,Monday,Spring,1906,157.11,0,1053,263
2023-03-07 ,Tuesday,Spring,2053,185.35,0,8313,737
2023-03-08 ,Wednesday,Spring,1663,55.82,0,1553,711
2023-03-09 ,Thursday,Spring,3950,45.81,0,3464,263
2023-03-10 ,Friday,Spring,875,44.7,0,1171,97
2023-03-11 ,Saturday,Spring,2175,186.38,0,1074,550
2023-03-12 ,Sunday,Spring,4108,32.32,0,8199,569
2023-03-13 ,Monday,Spring,4664,143.81,0,2250,569
2023-03-14 ,Tuesday,Spring,2888,158.22,0,635,800
2023-03-15 ,Wednesday,Spring,2939,140.04,0,8454,342
2023-03-16 ,Thursday,Spring,3459,139.29,0,1482,383
2023-03-17 ,Friday,Spring,565,61.73,0,1632,55
2023-03-18 ,Saturday,Spring,1730,168.19,0,4347,965
2023-03-19 ,Sunday,Spring,2565,173.89,0,5140,956
2023-03-20 ,Monday,Spring,2459,131.71,0,3601,571
2023-03-21 ,Tuesday,Spring,2242,195.92,0,9456,332
2023-03-22 ,Wednesday,Spring,2983,130.08,0,120,995
2023-03-23 ,Thursday,Spring,1041,179.41,0,1805,591
2023-03-24 ,Friday,Spring,1010,78.13,0,1526,709
2023-03-25 ,Saturday,Spring,1672,41,0,3487,237
2023-03-26 ,Sunday,Spring,3781,57.19,0,4769,335
2023-03-27 ,Monday,Spring,2894,143.69,1,1870,816
2023-03-28 ,Tuesday,Spring,1573,90,0,5682,390
2023-03-29 ,Wednesday,Spring,3266,121.42,0,2011,593
2023-03-30 ,Thursday,Spring,3216,196.93,0,2055,897
2023-03-31 ,Friday,Spring,3953,182.79,0,2560,197
2023-04-01 ,Saturday,Spring,3749,192.51,0,854,784
2023-04-02 ,Sunday,Spring,3352,90.05,0,9458,900
2023-04-03 ,Monday,Spring,3275,150.32,0,4153,883
2023-04-04 ,Tuesday,Spring,1279,159.58,0,8217,395
2023-04-05 ,Wednesday,Spring,2412,121.61,0,564,762
2023-04-06 ,Thursday,Spring,4468,67.98,0,7926,519
2023-04-07 ,Friday,Spring,2749,34.7,0,3030,927
2023-04-08 ,Saturday,Spring,3001,35.05,0,3598,311
2023-04-09 ,Sunday,Spring,1887,72.23,0,3614,264
2023-04-10 ,Monday,Spring,3210,56.6,0,6405,418
2023-04-11 ,Tuesday,Spring,1288,147.32,0,1544,975
2023-04-12 ,Wednesday,Spring,4460,161.24,0,4322,594
2023-04-13 ,Thursday,Spring,4936,159.28,0,2110,181
2023-04-14 ,Friday,Spring,4205,53.67,0,7977,211
2023-04-15 ,Saturday,Spring,4625,187.41,0,9055,284
2023-04-16 ,Sunday,Spring,1008,155.71,0,7010,207
2023-04-17 ,Monday,Spring,1387,98.37,0,9687,584
2023-04-18 ,Tuesday,Spring,4198,99.89,1,5569,682
2023-04-19 ,Wednesday,Spring,3130,61.57,0,9976,610
2023-04-20 ,Thursday,Spring,3389,176.5,0,5511,707
2023-04-21 ,Friday,Spring,2832,52.5,1,2674,147
2023-04-22 ,Saturday,Spring,3900,33.89,1,1114,933
2023-04-23 ,Sunday,Spring,4579,94.81,0,319,98
2023-04-24 ,Monday,Spring,3515,59.51,0,2235,878
2023-04-25 ,Tuesday,Spring,3499,174.01,0,8688,768
2023-04-26 ,Wednesday,Spring,4881,147.32,0,8555,980
2023-04-27 ,Thursday,Spring,2843,105.81,0,3197,293
2023-04-28 ,Friday,Spring,1411,163.99,0,8773,203
2023-04-29 ,Saturday,Spring,2202,56.54,0,9472,425
2023-04-30 ,Sunday,Spring,3426,144.78,0,7085,946
2023-05-01 ,Monday,Spring,1743,150.55,0,7579,758
2023-05-02 ,Tuesday,Spring,1512,110.48,0,9815,430
2023-05-03 ,Wednesday,Spring,4809,166.76,0,152,750
2023-05-04 ,Thursday,Spring,1273,28.15,0,501,51
2023-05-05 ,Friday,Spring,2432,189.07,0,4405,136
2023-05-06 ,Saturday,Spring,2336,118.17,0,809,755
2023-05-07 ,Sunday,Spring,4961,180.83,0,9225,427
2023-05-08 ,Monday,Spring,2807,122.17,0,9677,308
2023-05-09 ,Tuesday,Spring,4196,102.85,0,8713,575
2023-05-10 ,Wednesday,Spring,2744,64.74,0,483,109
2023-05-11 ,Thursday,Spring,3563,108.74,0,674,539
2023-05-12 ,Friday,Spring,984,144.65,0,8662,831
2023-05-13 ,Saturday,Spring,2579,181.93,0,7662,505
2023-05-14 ,Sunday,Spring,3152,167.61,1,5500,697
2023-05-15 ,Monday,Spring,4938,38.86,0,7460,261
2023-05-16 ,Tuesday,Spring,2177,150.19,0,2734,556
2023-05-17 ,Wednesday,Spring,4446,40.33,0,7221,688
2023-05-18 ,Thursday,Spring,3500,186.11,0,3243,382
2023-05-19 ,Friday,Spring,2821,121.87,0,7578,327
2023-05-20 ,Saturday,Spring,4598,130.8,0,7779,977
2023-05-21 ,Sunday,Spring,4181,142.12,0,9859,571
2023-05-22 ,Monday,Spring,2966,162.1,1,6904,885
2023-05-23 ,Tuesday,Spring,811,112.03,0,6560,871
2023-05-24 ,Wednesday,Spring,1702,94.65,0,229,634
2023-05-25 ,Thursday,Spring,2155,112.36,0,3214,919
2023-05-26 ,Friday,Spring,1235,190.2,0,5646,220
2023-05-27 ,Saturday,Spring,1486,72.16,0,288,819
2023-05-28 ,Sunday,Spring,3009,179.33,0,7928,357
2023-05-29 ,Monday,Spring,537,34.84,0,9677,165
2023-05-30 ,Tuesday,Spring,2456,69.54,0,7947,785
2023-05-31 ,Wednesday,Spring,1199,46.03,0,2850,934
2023-06-01 ,Thursday,Summer,1815,79.74,0,3476,37
2023-06-02 ,Friday,Summer,4667,119.32,0,6755,405
2023-06-03 ,Saturday,Summer,2849,119.4,0,5675,652
2023-06-04 ,Sunday,Summer,1412,127.68,0,7374,936
2023-06-05 ,Monday,Summer,3403,64.12,0,3020,551
2023-06-06 ,Tuesday,Summer,1320,96.07,0,9484,952
2023-06-07 ,Wednesday,Summer,1372,65.46,0,5330,543
2023-06-08 ,Thursday,Summer,2293,95.79,0,3376,716
2023-06-09 ,Friday,Summer,769,81.27,0,6137,740
2023-06-10 ,Saturday,Summer,4599,142.4,0,3506,271
2023-06-11 ,Sunday,Summer,1942,34.26,0,6131,623
2023-06-12 ,Monday,Summer,1402,46.48,0,2972,874
2023-06-13 ,Tuesday,Summer,3940,21.57,0,4743,362
2023-06-14 ,Wednesday,Summer,1652,98.95,0,9463,350
2023-06-15 ,Thursday,Summer,3330,142.02,0,9177,434
2023-06-16 ,Friday,Summer,633,185.67,0,2366,661
2023-06-17 ,Saturday,Summer,4966,132.98,0,5074,477
2023-06-18 ,Sunday,Summer,1942,37.67,0,9593,800
2023-06-19 ,Monday,Summer,1892,22.04,0,9609,141
2023-06-20 ,Tuesday,Summer,1570,116.51,0,7455,122
2023-06-21 ,Wednesday,Summer,1576,144.58,0,8457,390
2023-06-22 ,Thursday,Summer,4434,192.66,0,3296,143
2023-06-23 ,Friday,Summer,1342,175.83,0,1048,280
2023-06-24 ,Saturday,Summer,2489,88.22,0,2512,812
2023-06-25 ,Sunday,Summer,1024,21.76,0,2406,36
2023-06-26 ,Monday,Summer,4300,57.27,0,7584,29
2023-06-27 ,Tuesday,Summer,2904,92.34,0,452,695
2023-06-28 ,Wednesday,Summer,3472,26.5,1,5721,762
2023-06-29 ,Thursday,Summer,1783,166.23,0,5514,166
2023-06-30 ,Friday,Summer,2660,95.73,0,4158,777
2023-07-01 ,Saturday,Summer,4560,64.2,0,3683,13
2023-07-02 ,Sunday,Summer,1522,165.52,1,1837,101
2023-07-03 ,Monday,Summer,4474,151.59,0,2419,503
2023-07-04 ,Tuesday,Summer,2445,159.35,1,1375,871
2023-07-05 ,Wednesday,Summer,4849,65.17,0,972,37
2023-07-06 ,Thursday,Summer,3828,167.8,0,851,56
2023-07-07 ,Friday,Summer,4170,22.31,0,4009,877
2023-07-08 ,Saturday,Summer,3542,31.89,0,4576,287
2023-07-09 ,Sunday,Summer,4930,58.05,0,6488,315
2023-07-10 ,Monday,Summer,3342,64.2,0,4293,739
2023-07-11 ,Tuesday,Summer,2347,55.01,0,8178,26
2023-07-12 ,Wednesday,Summer,4696,173.37,0,3317,334
2023-07-13 ,Thursday,Summer,970,168.12,0,2088,786
2023-07-14 ,Friday,Summer,1263,174.02,0,5003,307
2023-07-15 ,Saturday,Summer,2262,173.43,0,2327,68
2023-07-16 ,Sunday,Summer,2012,96.67,0,7355,395
2023-07-17 ,Monday,Summer,1594,20.2,0,8446,82
2023-07-18 ,Tuesday,Summer,4427,177.23,0,2863,930
2023-07-19 ,Wednesday,Summer,830,87.08,0,2327,607
2023-07-20 ,Thursday,Summer,2782,34.67,0,9040,824
2023-07-21 ,Friday,Summer,565,73.04,0,6595,791
2023-07-22 ,Saturday,Summer,4248,59.59,0,599,656
2023-07-23 ,Sunday,Summer,1322,44.96,0,3572,605
2023-07-24 ,Monday,Summer,4892,178.3,0,7965,871
2023-07-25 ,Tuesday,Summer,3232,188.36,0,4645,370
2023-07-26 ,Wednesday,Summer,4475,75.89,0,4095,83
2023-07-27 ,Thursday,Summer,1604,56.02,0,6248,976
2023-07-28 ,Friday,Summer,3390,38.91,0,751,308
2023-07-29 ,Saturday,Summer,2524,88.16,0,2788,957
2023-07-30 ,Sunday,Summer,4023,173.72,0,2369,229
2023-07-31 ,Monday,Summer,2302,151.06,0,9722,150
2023-08-01 ,Tuesday,Summer,3798,91.54,0,2239,875
2023-08-02 ,Wednesday,Summer,2222,40.49,0,1002,118
2023-08-03 ,Thursday,Summer,2662,54.9,0,9279,93
2023-08-04 ,Friday,Summer,2493,158.59,0,5940,519
2023-08-05 ,Saturday,Summer,725,172.85,0,295,651
2023-08-06 ,Sunday,Summer,2066,175.85,0,2580,43
2023-08-07 ,Monday,Summer,3096,193.6,0,1302,153
2023-08-08 ,Tuesday,Summer,1283,61.94,0,2331,254
2023-08-09 ,Wednesday,Summer,996,60.16,0,8474,96
2023-08-10 ,Thursday,Summer,584,74.58,0,6380,160
2023-08-11 ,Friday,Summer,3944,160.16,0,9858,237
2023-08-12 ,Saturday,Summer,3509,37.74,0,7353,862
2023-08-13 ,Sunday,Summer,4139,183.59,0,798,83
2023-08-14 ,Monday,Summer,4144,69.6,0,8006,573
2023-08-15 ,Tuesday,Summer,1828,198.44,0,5173,116
2023-08-16 ,Wednesday,Summer,3032,108.63,0,3113,656
2023-08-17 ,Thursday,Summer,807,88.22,0,1145,641
2023-08-18 ,Friday,Summer,4408,112.16,0,448,725
2023-08-19 ,Saturday,Summer,1127,20.32,0,1042,552
2023-08-20 ,Sunday,Summer,4532,76.37,0,6654,617
2023-08-21 ,Monday,Summer,1114,195.11,0,699,711
2023-08-22 ,Tuesday,Summer,2556,152.21,0,7501,596
2023-08-23 ,Wednesday,Summer,2849,180.32,0,2871,221
2023-08-24 ,Thursday,Summer,2958,166.48,1,2314,349
2023-08-25 ,Friday,Summer,2209,125.72,0,1491,86
2023-08-26 ,Saturday,Summer,2117,79.74,0,1449,144
2023-08-27 ,Sunday,Summer,614,65.07,0,2153,276
2023-08-28 ,Monday,Summer,4538,116.2,0,8814,797
2023-08-29 ,Tuesday,Summer,3866,68.91,1,9093,313
2023-08-30 ,Wednesday,Summer,518,181.68,0,5639,798
2023-08-31 ,Thursday,Summer,4459,147.15,0,7156,719
2023-09-01 ,Friday,Autumn,2103,190.46,1,4217,104
2023-09-02 ,Saturday,Autumn,2429,139.86,0,6154,147
2023-09-03 ,Sunday,Autumn,2816,33.91,0,4123,560
2023-09-04 ,Monday,Autumn,1407,103.33,0,1380,359
2023-09-05 ,Tuesday,Autumn,759,98.83,0,5441,883
2023-09-06 ,Wednesday,Autumn,3006,39.34,0,9316,671
2023-09-07 ,Thursday,Autumn,2412,40.6,0,2563,744
2023-09-08 ,Friday,Autumn,1953,129.5,0,4897,25
2023-09-09 ,Saturday,Autumn,3785,93.19,0,8397,862
2023-09-10 ,Sunday,Autumn,1610,60.93,0,4180,181
2023-09-11 ,Monday,Autumn,3570,183.88,0,3466,397
2023-09-12 ,Tuesday,Autumn,1403,150.21,0,2732,198
2023-09-13 ,Wednesday,Autumn,3243,59.12,0,5205,11
2023-09-14 ,Thursday,Autumn,3433,38.42,0,5957,757
2023-09-15 ,Friday,Autumn,3119,172.72,0,9376,438
2023-09-16 ,Saturday,Autumn,4424,131.44,0,6914,214
2023-09-17 ,Sunday,Autumn,4351,180.31,0,4665,90
2023-09-18 ,Monday,Autumn,3725,123.27,0,5513,317
2023-09-19 ,Tuesday,Autumn,3462,125.1,0,4998,37
2023-09-20 ,Wednesday,Autumn,4374,108.19,0,3667,853
2023-09-21 ,Thursday,Autumn,1633,122.49,0,5425,26
2023-09-22 ,Friday,Autumn,4065,74.16,0,6786,149
2023-09-23 ,Saturday,Autumn,2571,39.81,0,8534,553
2023-09-24 ,Sunday,Autumn,4609,119.33,0,557,718
2023-09-25 ,Monday,Autumn,729,57.26,1,4862,524
2023-09-26 ,Tuesday,Autumn,4445,199.26,0,7133,603
2023-09-27 ,Wednesday,Autumn,3957,164.87,0,9325,398
2023-09-28 ,Thursday,Autumn,2641,190.84,0,3609,172
2023-09-29 ,Friday,Autumn,3402,147.91,0,9979,451
2023-09-30 ,Saturday,Autumn,3477,159.41,0,3228,974
2023-10-01 ,Sunday,Autumn,4626,32.93,0,4131,561
2023-10-02 ,Monday,Autumn,3936,114.17,0,7750,538
2023-10-03 ,Tuesday,Autumn,1713,104.89,0,2501,538
2023-10-04 ,Wednesday,Autumn,3693,189.71,0,7621,511
2023-10-05 ,Thursday,Autumn,1303,162.51,0,947,909
2023-10-06 ,Friday,Autumn,1511,115.03,0,7783,383
2023-10-07 ,Saturday,Autumn,1294,177.97,0,283,600
2023-10-08 ,Sunday,Autumn,3826,108.75,0,9560,237
2023-10-09 ,Monday,Autumn,1327,44.15,0,1548,732
2023-10-10 ,Tuesday,Autumn,4862,23.51,0,8496,48
2023-10-11 ,Wednesday,Autumn,905,91.72,0,185,730
2023-10-12 ,Thursday,Autumn,2308,186,0,6549,920
2023-10-13 ,Friday,Autumn,1426,96.63,0,2654,410
2023-10-14 ,Saturday,Autumn,2713,90.11,0,3572,103
2023-10-15 ,Sunday,Autumn,4969,165.13,0,1515,330
2023-10-16 ,Monday,Autumn,4017,44.21,0,7575,34
2023-10-17 ,Tuesday,Autumn,2397,149.91,0,1705,770
2023-10-18 ,Wednesday,Autumn,3542,95.61,0,5721,589
2023-10-19 ,Thursday,Autumn,3831,191.66,0,8525,385
2023-10-20 ,Friday,Autumn,2434,93.24,0,6608,245
2023-10-21 ,Saturday,Autumn,3245,117.13,0,121,459
2023-10-22 ,Sunday,Autumn,1110,154.16,0,4349,794
2023-10-23 ,Monday,Autumn,1655,31.69,0,5218,713
2023-10-24 ,Tuesday,Autumn,3779,182.86,0,9533,289
2023-10-25 ,Wednesday,Autumn,2116,154.47,0,1400,808
2023-10-26 ,Thursday,Autumn,1234,153.95,0,5720,87
2023-10-27 ,Friday,Autumn,4301,127.76,0,3542,300
2023-10-28 ,Saturday,Autumn,2556,122.16,1,6753,196
2023-10-29 ,Sunday,Autumn,3482,82.45,1,7736,570
2023-10-30 ,Monday,Autumn,4639,61.66,0,8343,390
2023-10-31 ,Tuesday,Autumn,3671,22.75,0,7954,337
2023-11-01 ,Wednesday,Autumn,3930,168.64,0,9378,688
2023-11-02 ,Thursday,Autumn,1421,96.56,0,4520,274
2023-11-03 ,Friday,Autumn,4390,23.02,0,8792,21
2023-11-04 ,Saturday,Autumn,3018,139.14,0,5215,624
2023-11-05 ,Sunday,Autumn,3229,106.14,0,3462,449
2023-11-06 ,Monday,Autumn,2573,87.96,0,6099,91
2023-11-07 ,Tuesday,Autumn,1924,161.61,0,3346,945
2023-11-08 ,Wednesday,Autumn,4132,35.53,0,2235,145
2023-11-09 ,Thursday,Autumn,1578,177.69,0,1918,885
2023-11-10 ,Friday,Autumn,3823,121.25,0,865,680
2023-11-11 ,Saturday,Autumn,895,170.03,0,1929,469
2023-11-12 ,Sunday,Autumn,4370,185.69,0,6476,325
2023-11-13 ,Monday,Autumn,4630,129.32,0,4771,165
2023-11-14 ,Tuesday,Autumn,880,166.88,0,8866,611
2023-11-15 ,Wednesday,Autumn,2778,146.77,1,7810,360
2023-11-16 ,Thursday,Autumn,1751,185.15,0,942,607
2023-11-17 ,Friday,Autumn,808,139.9,0,2892,828
2023-11-18 ,Saturday,Autumn,1357,66.12,0,2670,393
2023-11-19 ,Sunday,Autumn,2122,114.43,0,7525,767
2023-11-20 ,Monday,Autumn,2077,60.98,0,691,385
2023-11-21 ,Tuesday,Autumn,2370,141.09,0,936,149
2023-11-22 ,Wednesday,Autumn,882,139.27,0,2384,438
2023-11-23 ,Thursday,Autumn,1943,23.6,0,7343,769
2023-11-24 ,Friday,Autumn,1896,64.91,0,1816,112
2023-11-25 ,Saturday,Autumn,4485,77.41,0,2824,899
2023-11-26 ,Sunday,Autumn,3787,51.24,0,2837,777
2023-11-27 ,Monday,Autumn,3089,163.43,0,9904,650
2023-11-28 ,Tuesday,Autumn,2566,126.38,0,5016,825
2023-11-29 ,Wednesday,Autumn,2321,68.29,0,1324,606
2023-11-30 ,Thursday,Autumn,2359,148.32,0,9925,669
2023-12-01 ,Friday,Winter,1885,73.54,0,335,921
2023-12-02 ,Saturday,Winter,1637,173.85,0,7628,160
2023-12-03 ,Sunday,Winter,2270,171.25,0,2406,823
2023-12-04 ,Monday,Winter,3520,33.27,0,7353,961
2023-12-05 ,Tuesday,Winter,2706,195.24,0,2575,727
2023-12-06 ,Wednesday,Winter,2571,130.81,0,1021,183
2023-12-07 ,Thursday,Winter,4686,96.54,0,2381,518
2023-12-08 ,Friday,Winter,4604,143.95,0,3976,487
2023-12-09 ,Saturday,Winter,4095,148.47,0,8706,699
2023-12-10 ,Sunday,Winter,2638,112.57,0,4471,701
2023-12-11 ,Monday,Winter,4454,192.8,0,9806,806
2023-12-12 ,Tuesday,Winter,4113,43.93,0,1197,149
2023-12-13 ,Wednesday,Winter,2582,175.98,0,5818,485
2023-12-14 ,Thursday,Winter,4782,133.54,0,7470,988
2023-12-15 ,Friday,Winter,3597,76.39,0,9506,439
2023-12-16 ,Saturday,Winter,4231,60.91,1,6918,506
2023-12-17 ,Sunday,Winter,2142,86.73,0,2800,669
2023-12-18 ,Monday,Winter,4320,180.2,0,7608,304
2023-12-19 ,Tuesday,Winter,2260,138.1,0,6743,357
2023-12-20 ,Wednesday,Winter,709,139.88,0,8289,202
2023-12-21 ,Thursday,Winter,579,105.95,0,4922,233
2023-12-22 ,Friday,Winter,3379,46.04,0,150,594
2023-12-23 ,Saturday,Winter,1467,183.18,0,2289,230
2023-12-24 ,Sunday,Winter,2509,153.91,0,6749,357
2023-12-25 ,Monday,Winter,4864,172.37,0,1742,891
2023-12-26 ,Tuesday,Winter,2911,28.36,0,9583,49
2023-12-27 ,Wednesday,Winter,3422,183.66,0,1238,786
2023-12-28 ,Thursday,Winter,4110,43.79,0,4495,325
2023-12-29 ,Friday,Winter,772,99.14,0,5457,241
2023-12-30 ,Saturday,Winter,3269,83.4,0,1426,456
2023-12-31 ,Sunday,Winter,3434,22.64,0,7136,368
